guid	md5	size	acl	authz	urls
dg.4DFC/001a5427-0027-46df-8f2e-0f53d07b80e6	b994b8496b17430501586a582e17a2b1	29686	['*']	['/open']	s3://nci-crdc-data-bucket-prod/1bb2565c-09cb-4430-b691-bfb3aaf140b2/05-T-KPT9274-LN-A.RCC
dg.4DFC/011396b7-a5cc-53c6-ae0b-45c865b9211b	9f17ee7f9c8b2a0f5a147b245bf936f7	2661171598	['*']	['/open']	s3://nci-crdc-data-bucket-prod/1bb2565c-09cb-4430-b691-bfb3aaf140b2/ERR14096158_1.fastq.gz
dg.4DFC/01269e9a-5ae7-5bb6-87dd-3f64f3abe958	e3e2d89a5d3cd9e7bea547be46dfb043	7066376189	['*']	['/open']	s3://nci-crdc-data-bucket-prod/1bb2565c-09cb-4430-b691-bfb3aaf140b2/ERR14102972_1.fastq.gz
dg.4DFC/0162a962-e037-4e56-adbe-aac4c3be7967	9022ba79ada3ac53d74499ffa5f24c49	29726	['*']	['/open']	s3://nci-crdc-data-bucket-prod/1bb2565c-09cb-4430-b691-bfb3aaf140b2/06-T-KPT9274-LN-A.RCC
dg.4DFC/024315b1-9202-5273-beff-459481264129	466e6fb0d689a84bf3acbf874f3446de	4283578751	['*']	['/open']	s3://nci-crdc-data-bucket-prod/1bb2565c-09cb-4430-b691-bfb3aaf140b2/ERR14102927_2.fastq.gz
dg.4DFC/02f3f89e-aa37-522e-a51b-51ce0d9a96a2	ecff7a71713b6a6d77d58f66497bed1c	3971644955	['*']	['/open']	s3://nci-crdc-data-bucket-prod/1bb2565c-09cb-4430-b691-bfb3aaf140b2/ERR14102056_1.fastq.gz
dg.4DFC/0305c86d-a243-5f1a-b911-6248fc5a9bf4	c0e961705b0b27382792aa66610aa569	6740561878	['*']	['/open']	s3://nci-crdc-data-bucket-prod/1bb2565c-09cb-4430-b691-bfb3aaf140b2/ERR14102935_1.fastq.gz
dg.4DFC/0326f5e7-61b3-445c-a8aa-822bc02f955c	72ded73441f8c100ec85dbce24e05dd9	29628	['*']	['/open']	s3://nci-crdc-data-bucket-prod/1bb2565c-09cb-4430-b691-bfb3aaf140b2/06-T-DOXRV-LN-D.RCC
dg.4DFC/0338baf2-967c-5806-bd1e-c6dc4b3fb8f9	eaf3518357e1a981ee6adee22cf48cfb	4842363484	['*']	['/open']	s3://nci-crdc-data-bucket-prod/1bb2565c-09cb-4430-b691-bfb3aaf140b2/ERR14098061_1.fastq.gz
dg.4DFC/03390ec2-deb0-503f-a1eb-01b751196c38	7e043e5fb8832fa06b70d33b71a0ce26	7092100861	['*']	['/open']	s3://nci-crdc-data-bucket-prod/1bb2565c-09cb-4430-b691-bfb3aaf140b2/ERR14098086_2.fastq.gz
dg.4DFC/0360f37f-6fdf-5f48-8db3-2b76808effe4	d544f0e5446c99fb3ddac4699d2cdfbd	5710553481	['*']	['/open']	s3://nci-crdc-data-bucket-prod/1bb2565c-09cb-4430-b691-bfb3aaf140b2/ERR14102139_1.fastq.gz
dg.4DFC/03bb9c75-0cf8-5f7c-8dd9-63e172dce2c7	d300ed673c1df0eb5e3791317c3d1605	4929174951	['*']	['/open']	s3://nci-crdc-data-bucket-prod/1bb2565c-09cb-4430-b691-bfb3aaf140b2/ERR14098059_1.fastq.gz
dg.4DFC/03bcbbf2-0ca6-5b40-b014-73a0cf18ae18	dbd9d0d9256c3860fb5e6671883e707c	24707851717	['*']	['/open']	s3://nci-crdc-data-bucket-prod/1bb2565c-09cb-4430-b691-bfb3aaf140b2/ERR14099614_2.fastq.gz
dg.4DFC/03d6b7f5-7c31-5a79-8d35-c74270e50ec6	523670a1b7b297283f44ae0d546910dd	5552620894	['*']	['/open']	s3://nci-crdc-data-bucket-prod/1bb2565c-09cb-4430-b691-bfb3aaf140b2/ERR14102081_2.fastq.gz
dg.4DFC/03f91527-441d-5a96-a181-0c2b19b8f6ca	46ab6dd38716a28c97e7c95d06d000c1	7648220371	['*']	['/open']	s3://nci-crdc-data-bucket-prod/1bb2565c-09cb-4430-b691-bfb3aaf140b2/ERR14099669_2.fastq.gz
dg.4DFC/049547a6-8c78-57d3-a4db-11900b9f845c	6fe923a2c69b3e6d9336815ca395d4be	5648476174	['*']	['/open']	s3://nci-crdc-data-bucket-prod/1bb2565c-09cb-4430-b691-bfb3aaf140b2/ERR14102035_1.fastq.gz
dg.4DFC/04c34e35-c440-5a1f-b549-772189f0c78b	895b546419c56f2ea5d4217ca4951b34	9146717915	['*']	['/open']	s3://nci-crdc-data-bucket-prod/1bb2565c-09cb-4430-b691-bfb3aaf140b2/ERR14102083_2.fastq.gz
dg.4DFC/04cd5ef6-7619-5071-91f9-e21280d57b5d	a4d34a77c8af59c5be8604e3d8d3c50c	7497617111	['*']	['/open']	s3://nci-crdc-data-bucket-prod/1bb2565c-09cb-4430-b691-bfb3aaf140b2/ERR14099668_2.fastq.gz
dg.4DFC/04eb907b-6106-53b7-b5d0-a75a29dfc087	8027a88ac6fdaf5b8802568875829025	5726342776	['*']	['/open']	s3://nci-crdc-data-bucket-prod/1bb2565c-09cb-4430-b691-bfb3aaf140b2/ERR14098096_1.fastq.gz
dg.4DFC/06118f8d-8687-5b95-8296-5035b09db1f4	d3aad5dc777d05911b84aa1ba360bd1a	4767626073	['*']	['/open']	s3://nci-crdc-data-bucket-prod/1bb2565c-09cb-4430-b691-bfb3aaf140b2/ERR14102115_1.fastq.gz
dg.4DFC/066afbe8-c814-50d6-b812-0478badb2b9c	b7acfd17d777a2245cf09fd84438457f	5449038434	['*']	['/open']	s3://nci-crdc-data-bucket-prod/1bb2565c-09cb-4430-b691-bfb3aaf140b2/ERR14102970_1.fastq.gz
dg.4DFC/06823684-d3b9-54df-ad44-2c258b25e445	c9ad0cd89dc0d7d00c7373207d82a26f	4397333247	['*']	['/open']	s3://nci-crdc-data-bucket-prod/1bb2565c-09cb-4430-b691-bfb3aaf140b2/ERR14102118_1.fastq.gz
dg.4DFC/069134df-262e-5c72-b85d-50a6940ed540	2870d5e7ba781bb1d4c31bdbf961c5fb	3374676507	['*']	['/open']	s3://nci-crdc-data-bucket-prod/1bb2565c-09cb-4430-b691-bfb3aaf140b2/ERR14096188_1.fastq.gz
dg.4DFC/06b25a40-f5ae-5456-b12c-3128c6c378ed	b4a5247020fe93afd5ea6575961dc54c	4858702681	['*']	['/open']	s3://nci-crdc-data-bucket-prod/1bb2565c-09cb-4430-b691-bfb3aaf140b2/ERR14098105_2.fastq.gz
dg.4DFC/0727f203-5e36-525b-bc5b-1d9d0a00cf6c	d24d007edaed807fcc4d8938660b9718	6778202110	['*']	['/open']	s3://nci-crdc-data-bucket-prod/1bb2565c-09cb-4430-b691-bfb3aaf140b2/ERR14098093_2.fastq.gz
dg.4DFC/07329d4f-4a2a-49ba-8573-59b458c9ddf5	b9f253f41d3f20b76b62416883ac2cd1	29750	['*']	['/open']	s3://nci-crdc-data-bucket-prod/1bb2565c-09cb-4430-b691-bfb3aaf140b2/06-T-KPTT9274-LN-D.RCC
dg.4DFC/075fd406-fdae-59cc-a751-98883cd7f555	8f894fe46231e7d4990127fcb5be75c0	5784206998	['*']	['/open']	s3://nci-crdc-data-bucket-prod/1bb2565c-09cb-4430-b691-bfb3aaf140b2/ERR14102880_1.fastq.gz
dg.4DFC/078ea5af-7b72-5740-b08f-5551024e1c9b	def4c65c7928dfee962eea1d7af72014	6025266761	['*']	['/open']	s3://nci-crdc-data-bucket-prod/1bb2565c-09cb-4430-b691-bfb3aaf140b2/ERR14102093_2.fastq.gz
dg.4DFC/07ba0021-052c-5f64-83a6-46cf9a74eb24	5aaace989757efb84777b6a241cc6a2f	4403118931	['*']	['/open']	s3://nci-crdc-data-bucket-prod/1bb2565c-09cb-4430-b691-bfb3aaf140b2/ERR14098065_2.fastq.gz
dg.4DFC/08472bdd-1dcd-5b4f-b7bb-0f014f3a384c	c998cc1ab336a4c04232d4e08e7bde9a	7886858592	['*']	['/open']	s3://nci-crdc-data-bucket-prod/1bb2565c-09cb-4430-b691-bfb3aaf140b2/ERR14102059_2.fastq.gz
dg.4DFC/084924fb-ee15-589a-a5fa-31b0e7dcdc32	093a03d5f446def88df5d544acef215e	4873993035	['*']	['/open']	s3://nci-crdc-data-bucket-prod/1bb2565c-09cb-4430-b691-bfb3aaf140b2/ERR14098062_1.fastq.gz
dg.4DFC/08716e6c-20b6-52a5-8cb0-8ceee144e21e	107827e24136aec70560adb2f78ecd0a	6251928526	['*']	['/open']	s3://nci-crdc-data-bucket-prod/1bb2565c-09cb-4430-b691-bfb3aaf140b2/ERR14098100_2.fastq.gz
dg.4DFC/088059ac-fe09-5dca-9528-a9626f869ee8	7ec93768683610ab8e89e64bd0401c79	5898120856	['*']	['/open']	s3://nci-crdc-data-bucket-prod/1bb2565c-09cb-4430-b691-bfb3aaf140b2/ERR14102025_1.fastq.gz
dg.4DFC/08b7d556-e8bd-519e-adf9-f73a1d591e0b	4427c209a9d0089d8d74a5551192ae13	4807092057	['*']	['/open']	s3://nci-crdc-data-bucket-prod/1bb2565c-09cb-4430-b691-bfb3aaf140b2/ERR14102928_2.fastq.gz
dg.4DFC/08b813c0-2752-556d-962c-443da3b772ad	4719bcb9874deba5147c44f0562a948d	2640582639	['*']	['/open']	s3://nci-crdc-data-bucket-prod/1bb2565c-09cb-4430-b691-bfb3aaf140b2/ERR14096160_1.fastq.gz
dg.4DFC/08d33513-bbd0-5e87-a7bb-b6fbd529f1a6	2c19c5d8d5adb10787737145d156f0c8	5444337618	['*']	['/open']	s3://nci-crdc-data-bucket-prod/1bb2565c-09cb-4430-b691-bfb3aaf140b2/ERR14102077_1.fastq.gz
dg.4DFC/09886971-e11d-541f-9aef-5258d662ef8e	6248ce2889763990ba4678a537950907	5014821567	['*']	['/open']	s3://nci-crdc-data-bucket-prod/1bb2565c-09cb-4430-b691-bfb3aaf140b2/ERR14103076_1.fastq.gz
dg.4DFC/09f015f8-9db9-5c20-9aef-98d0658de19b	19584b1cb16a9495d23c18779bd8e286	4126581156	['*']	['/open']	s3://nci-crdc-data-bucket-prod/1bb2565c-09cb-4430-b691-bfb3aaf140b2/ERR14096175_1.fastq.gz
dg.4DFC/0a7d94b0-d702-5f8d-8009-b9cddfab3d7a	40086804eb38345f61501a2b7ed65456	4951734510	['*']	['/open']	s3://nci-crdc-data-bucket-prod/1bb2565c-09cb-4430-b691-bfb3aaf140b2/ERR14098069_2.fastq.gz
dg.4DFC/0a9c49a4-54f5-5e71-84aa-acb81addb9b5	732d5c8c4dad41049413748504ad5fb7	2848173755	['*']	['/open']	s3://nci-crdc-data-bucket-prod/1bb2565c-09cb-4430-b691-bfb3aaf140b2/ERR14099665_1.fastq.gz
dg.4DFC/0ace632a-1735-582a-b1e6-de34248e5040	0a1100789f2918fe79d3065d404d06b3	4192485815	['*']	['/open']	s3://nci-crdc-data-bucket-prod/1bb2565c-09cb-4430-b691-bfb3aaf140b2/ERR14096168_2.fastq.gz
dg.4DFC/0b417a35-ea00-5ce1-b010-eb3d24cc1cac	a3023fd41c582ab46cf7c34c1aaecbda	7422866874	['*']	['/open']	s3://nci-crdc-data-bucket-prod/1bb2565c-09cb-4430-b691-bfb3aaf140b2/ERR14102058_1.fastq.gz
dg.4DFC/0b6a280a-fbba-5f8b-b27b-edd8adcb69f9	1a53137182bcdfd646eb9e13e0607d4d	4791329924	['*']	['/open']	s3://nci-crdc-data-bucket-prod/1bb2565c-09cb-4430-b691-bfb3aaf140b2/ERR14102113_1.fastq.gz
dg.4DFC/0b6fd349-35ac-51de-9a4b-7cddb436c88f	8c5eb38a69dd6edc965554b520093085	7476612318	['*']	['/open']	s3://nci-crdc-data-bucket-prod/1bb2565c-09cb-4430-b691-bfb3aaf140b2/ERR14102097_1.fastq.gz
dg.4DFC/0b9bd213-30fe-5b43-bf7b-c8cba9b6e4e2	d6524cefd5ae60d9de592efb8eb3ec28	5053670962	['*']	['/open']	s3://nci-crdc-data-bucket-prod/1bb2565c-09cb-4430-b691-bfb3aaf140b2/ERR14099673_1.fastq.gz
dg.4DFC/0bba02da-4f38-580b-a1c3-495a9c66a4d3	0502d95dd3fff3d24923851e2530b1a6	3253885660	['*']	['/open']	s3://nci-crdc-data-bucket-prod/1bb2565c-09cb-4430-b691-bfb3aaf140b2/ERR14096163_1.fastq.gz
dg.4DFC/0bcb1a9b-20b5-5aca-9d8b-aa2937d90b24	ee2194c493a59f380a911bc5474684f0	3274491676	['*']	['/open']	s3://nci-crdc-data-bucket-prod/1bb2565c-09cb-4430-b691-bfb3aaf140b2/ERR14096178_1.fastq.gz
dg.4DFC/0c5c1c7f-94f2-5bbb-a8aa-c5fd75775a56	09f3c4a206f9c947efa764de5a5d4ce1	8347768840	['*']	['/open']	s3://nci-crdc-data-bucket-prod/1bb2565c-09cb-4430-b691-bfb3aaf140b2/ERR14101991_2.fastq.gz
dg.4DFC/0c7ec500-08d4-5efc-8370-a5a4b90e2125	58cd9b47413e45c18d79033852dcd7c1	7781496279	['*']	['/open']	s3://nci-crdc-data-bucket-prod/1bb2565c-09cb-4430-b691-bfb3aaf140b2/ERR14102060_2.fastq.gz
dg.4DFC/0cab7939-f278-5c0e-a170-ae629bbafa7d	c254124ce0d32edcfceeaafe5fc587e2	5525075293	['*']	['/open']	s3://nci-crdc-data-bucket-prod/1bb2565c-09cb-4430-b691-bfb3aaf140b2/ERR14101996_1.fastq.gz
dg.4DFC/0d059c3a-4b09-587f-a719-d04db704f1f1	5df286032bd02b99be7754b255144255	4551470785	['*']	['/open']	s3://nci-crdc-data-bucket-prod/1bb2565c-09cb-4430-b691-bfb3aaf140b2/ERR14098089_2.fastq.gz
dg.4DFC/0d9632bf-ba82-5ade-ab5c-3876ff90a1f1	092d6ac72f634843faee1c976f1cfb62	5564224366	['*']	['/open']	s3://nci-crdc-data-bucket-prod/1bb2565c-09cb-4430-b691-bfb3aaf140b2/ERR14102024_1.fastq.gz
dg.4DFC/0e4a3832-3694-5f37-84bd-623a37eaf5e1	eadf72b1368249fc39210a97c1af412b	5993196219	['*']	['/open']	s3://nci-crdc-data-bucket-prod/1bb2565c-09cb-4430-b691-bfb3aaf140b2/ERR14099612_1.fastq.gz
dg.4DFC/0e4dc1b9-5479-581e-ab90-d5d81024f1e8	ecdac0719b7cbf026158dd388da134c4	4380196588	['*']	['/open']	s3://nci-crdc-data-bucket-prod/1bb2565c-09cb-4430-b691-bfb3aaf140b2/ERR14099682_1.fastq.gz
dg.4DFC/0ef013eb-52d6-5746-ac1b-ee2e707d2693	158f019c89100f573728e09b5c78cfce	5161683151	['*']	['/open']	s3://nci-crdc-data-bucket-prod/1bb2565c-09cb-4430-b691-bfb3aaf140b2/ERR14102964_1.fastq.gz
dg.4DFC/0f0dc119-55bf-54ea-8a18-f81377dce613	50c1031e1f1ae038793d10e2502e0c9f	6055240613	['*']	['/open']	s3://nci-crdc-data-bucket-prod/1bb2565c-09cb-4430-b691-bfb3aaf140b2/ERR14102064_2.fastq.gz
dg.4DFC/0f29c873-b58d-5063-9e8b-87f2f1c76fee	3ff463adb0b8fc32fb11d38e411b8316	6055617015	['*']	['/open']	s3://nci-crdc-data-bucket-prod/1bb2565c-09cb-4430-b691-bfb3aaf140b2/ERR14098103_1.fastq.gz
dg.4DFC/0f54a2fb-97c3-53b2-9448-ad9a930949cf	31bd69b39a4c26f42d6adefb33712b45	3167798577	['*']	['/open']	s3://nci-crdc-data-bucket-prod/1bb2565c-09cb-4430-b691-bfb3aaf140b2/ERR14098057_1.fastq.gz
dg.4DFC/0f6688c0-9c59-5cbb-9f9c-c8098450c213	6eea2f97a6ab74fb50616a079f55bf38	3267590987	['*']	['/open']	s3://nci-crdc-data-bucket-prod/1bb2565c-09cb-4430-b691-bfb3aaf140b2/ERR14102122_1.fastq.gz
dg.4DFC/0f9b9d23-d082-58e6-8f78-91c596494f56	fc6c159f090facee695271207cbb94d3	5513812203	['*']	['/open']	s3://nci-crdc-data-bucket-prod/1bb2565c-09cb-4430-b691-bfb3aaf140b2/ERR14099700_2.fastq.gz
dg.4DFC/10052635-9e72-52ce-8132-a723de36f5ec	4b05826158b889be3167b1387666dbe6	4770838537	['*']	['/open']	s3://nci-crdc-data-bucket-prod/1bb2565c-09cb-4430-b691-bfb3aaf140b2/ERR14102954_1.fastq.gz
dg.4DFC/100b5a9a-093e-577f-ab8a-3775006eee2b	862f0897cfd412b12860ed3bf724938a	5386308012	['*']	['/open']	s3://nci-crdc-data-bucket-prod/1bb2565c-09cb-4430-b691-bfb3aaf140b2/ERR14098072_2.fastq.gz
dg.4DFC/102f2202-3a12-58c6-9f93-1dc74bdcc657	f7006da95f3f205277f6bfe40152f44f	5410387050	['*']	['/open']	s3://nci-crdc-data-bucket-prod/1bb2565c-09cb-4430-b691-bfb3aaf140b2/ERR14099656_1.fastq.gz
dg.4DFC/105642ed-3bfe-5f7b-b3a3-c7b1b0a82638	b34fe56b180202134859c50575cbd500	5480110122	['*']	['/open']	s3://nci-crdc-data-bucket-prod/1bb2565c-09cb-4430-b691-bfb3aaf140b2/ERR14102942_1.fastq.gz
dg.4DFC/107effbb-981d-5bbc-9fd1-a1de87e9c594	3adf511e1b345c5c37847771a552adb7	4451626557	['*']	['/open']	s3://nci-crdc-data-bucket-prod/1bb2565c-09cb-4430-b691-bfb3aaf140b2/ERR14098058_2.fastq.gz
dg.4DFC/1093eedd-e437-5803-9e9a-da1281f8c5d7	df51d740d43ee6bc795694c65b24c955	7727771492	['*']	['/open']	s3://nci-crdc-data-bucket-prod/1bb2565c-09cb-4430-b691-bfb3aaf140b2/ERR14101989_1.fastq.gz
dg.4DFC/109e58c7-dc20-5ca9-b554-a6f1aee0ab90	d1ff4e78b9ddcc963238fcb31947d651	6406854256	['*']	['/open']	s3://nci-crdc-data-bucket-prod/1bb2565c-09cb-4430-b691-bfb3aaf140b2/ERR14098104_2.fastq.gz
dg.4DFC/10e6970b-34a2-55cf-bfd3-1e70f904f693	ef0fb13c0a297a74bb7e9507e93ee8ea	5928719862	['*']	['/open']	s3://nci-crdc-data-bucket-prod/1bb2565c-09cb-4430-b691-bfb3aaf140b2/ERR14102043_1.fastq.gz
dg.4DFC/1103bc12-c312-4ec0-8762-57d1bd5a3315	800e4daf78d6c046a79f6b12f6440631	29731	['*']	['/open']	s3://nci-crdc-data-bucket-prod/1bb2565c-09cb-4430-b691-bfb3aaf140b2/03-T-KPT9274-LN-A.RCC
dg.4DFC/110f5030-8358-5995-8263-26429f579b3a	3de3f9a906453f1a7cc2d1877b736310	6545078231	['*']	['/open']	s3://nci-crdc-data-bucket-prod/1bb2565c-09cb-4430-b691-bfb3aaf140b2/ERR14102003_2.fastq.gz
dg.4DFC/112bcdf8-0839-59df-8eb7-21dca0f812bd	0314c21751c4bb63fc0b56474e03ff9a	4996680957	['*']	['/open']	s3://nci-crdc-data-bucket-prod/1bb2565c-09cb-4430-b691-bfb3aaf140b2/ERR14103074_1.fastq.gz
dg.4DFC/11a840a7-b1ef-5071-9fed-91a43c785530	aad06048f435bff82d2631d169911358	7877227047	['*']	['/open']	s3://nci-crdc-data-bucket-prod/1bb2565c-09cb-4430-b691-bfb3aaf140b2/ERR14102099_2.fastq.gz
dg.4DFC/11b60826-fdc6-5d29-8779-34d792e3e349	55900fe1e5e3b793d1cb1d4f3be075bd	5846651447	['*']	['/open']	s3://nci-crdc-data-bucket-prod/1bb2565c-09cb-4430-b691-bfb3aaf140b2/ERR14102970_2.fastq.gz
dg.4DFC/11c882bf-6fb8-5125-a3b1-795d687d9900	479c4cc0f634455e0282625e38f394f1	4194956616	['*']	['/open']	s3://nci-crdc-data-bucket-prod/1bb2565c-09cb-4430-b691-bfb3aaf140b2/ERR14099637_1.fastq.gz
dg.4DFC/1201dd89-767d-578b-af21-f8dcf735d35a	bd65772f13d31189a7d7b8f7a0aa7e88	4811628778	['*']	['/open']	s3://nci-crdc-data-bucket-prod/1bb2565c-09cb-4430-b691-bfb3aaf140b2/ERR14098067_1.fastq.gz
dg.4DFC/121cdeff-e6f9-51fb-b4c6-d0dac52762b3	d64a738268721a8f4711d7275114bec2	5410416553	['*']	['/open']	s3://nci-crdc-data-bucket-prod/1bb2565c-09cb-4430-b691-bfb3aaf140b2/ERR14102120_2.fastq.gz
dg.4DFC/1285837c-20f1-5b7a-a71a-6ba170dd970e	9159db687f7f8e768a77538109a0710a	6443585435	['*']	['/open']	s3://nci-crdc-data-bucket-prod/1bb2565c-09cb-4430-b691-bfb3aaf140b2/ERR14102932_2.fastq.gz
dg.4DFC/132e1db2-8780-5aaf-bc99-c53ebaa3cce3	43a5772fa4b59c5795621c91c093f504	4954644341	['*']	['/open']	s3://nci-crdc-data-bucket-prod/1bb2565c-09cb-4430-b691-bfb3aaf140b2/ERR14102057_1.fastq.gz
dg.4DFC/1352abeb-f140-5870-83c6-0febaeb934e1	155d4123d7f757bf749d463d97d126e1	6201786924	['*']	['/open']	s3://nci-crdc-data-bucket-prod/1bb2565c-09cb-4430-b691-bfb3aaf140b2/ERR14102106_1.fastq.gz
dg.4DFC/1367d664-af2b-59ff-a08d-7dc9c0bf701e	55d6f8b868a30eac34a2952ff0a7c325	5721180740	['*']	['/open']	s3://nci-crdc-data-bucket-prod/1bb2565c-09cb-4430-b691-bfb3aaf140b2/ERR14103095_2.fastq.gz
dg.4DFC/1369da40-3fe9-57de-80c5-a788e331f0db	c5e7bedb1afd8298f4cc7c4dbc0b4aad	5658580240	['*']	['/open']	s3://nci-crdc-data-bucket-prod/1bb2565c-09cb-4430-b691-bfb3aaf140b2/ERR14102888_2.fastq.gz
dg.4DFC/139f2b38-0951-56be-8a4d-0996e6a20954	c8c2f13527064293b9a1651e2ac4387c	4471528606	['*']	['/open']	s3://nci-crdc-data-bucket-prod/1bb2565c-09cb-4430-b691-bfb3aaf140b2/ERR14099684_1.fastq.gz
dg.4DFC/14602e66-5a75-5aac-a8b2-99ac485f6980	9e08d824ea2c886b18173e91418db077	5947224874	['*']	['/open']	s3://nci-crdc-data-bucket-prod/1bb2565c-09cb-4430-b691-bfb3aaf140b2/ERR14102952_2.fastq.gz
dg.4DFC/1482c39a-1326-523e-9138-2a96c447e809	bbfbdf6a863c44a863ddb344a15d20c7	6763154676	['*']	['/open']	s3://nci-crdc-data-bucket-prod/1bb2565c-09cb-4430-b691-bfb3aaf140b2/ERR14098085_1.fastq.gz
dg.4DFC/1504763f-eae4-5045-af52-0f93b09d2826	c719f93439093e46b1e7f9c5b8ef903c	5255553179	['*']	['/open']	s3://nci-crdc-data-bucket-prod/1bb2565c-09cb-4430-b691-bfb3aaf140b2/ERR14102975_2.fastq.gz
dg.4DFC/15415015-b10b-5fb4-bed4-b2200279d9a5	3a458528ac65c66bdea61c9fb47d4374	7474375077	['*']	['/open']	s3://nci-crdc-data-bucket-prod/1bb2565c-09cb-4430-b691-bfb3aaf140b2/ERR14102098_1.fastq.gz
dg.4DFC/154e0737-9854-544a-8fd8-dc03e9d0b093	fb48ad79e1ea14d09f9b398ac9d11d51	7987494544	['*']	['/open']	s3://nci-crdc-data-bucket-prod/1bb2565c-09cb-4430-b691-bfb3aaf140b2/ERR14102097_2.fastq.gz
dg.4DFC/1551f573-479e-5644-868e-971cdeecaf92	1571b9377891253750c16848ccf58320	6220270127	['*']	['/open']	s3://nci-crdc-data-bucket-prod/1bb2565c-09cb-4430-b691-bfb3aaf140b2/ERR14102905_2.fastq.gz
dg.4DFC/155640aa-7c4b-5ddb-9bb9-9eb7f53a01c8	1f6e195e14461bb10ddd76f1338a6f0b	2903073426	['*']	['/open']	s3://nci-crdc-data-bucket-prod/1bb2565c-09cb-4430-b691-bfb3aaf140b2/ERR14096200_1.fastq.gz
dg.4DFC/15c8d729-12dd-5cf1-8263-697bd3df8545	d5906eb9cef821f762f17cc50cb641f0	5707187317	['*']	['/open']	s3://nci-crdc-data-bucket-prod/1bb2565c-09cb-4430-b691-bfb3aaf140b2/ERR14098088_1.fastq.gz
dg.4DFC/160c737f-66c8-50c4-9621-27a3f4b5a599	be8594ce2fa3e088dc0b3969d5fb9d98	4291074102	['*']	['/open']	s3://nci-crdc-data-bucket-prod/1bb2565c-09cb-4430-b691-bfb3aaf140b2/ERR14102135_1.fastq.gz
dg.4DFC/160dcbe4-0642-59ad-8616-2be680201a4c	6e39a1a0e86549a2804b8f2a08309721	3357267689	['*']	['/open']	s3://nci-crdc-data-bucket-prod/1bb2565c-09cb-4430-b691-bfb3aaf140b2/ERR14096190_1.fastq.gz
dg.4DFC/161278f5-bb19-51f5-9b19-7fd6cedbaea7	c0850e179c2e2ef19a12412646e72291	21121170094	['*']	['/open']	s3://nci-crdc-data-bucket-prod/1bb2565c-09cb-4430-b691-bfb3aaf140b2/ERR14099608_2.fastq.gz
dg.4DFC/165cfae9-9023-5247-b7b4-f2f333e15b97	5a56ecb6beb4914936fbaad3ec4037bc	4813835387	['*']	['/open']	s3://nci-crdc-data-bucket-prod/1bb2565c-09cb-4430-b691-bfb3aaf140b2/ERR14098079_1.fastq.gz
dg.4DFC/16728401-87ab-5ccc-a242-01b2a82fbe66	a179f4b2a2c9c69aeb87c513d287e8fa	22773465116	['*']	['/open']	s3://nci-crdc-data-bucket-prod/1bb2565c-09cb-4430-b691-bfb3aaf140b2/ERR14099615_1.fastq.gz
dg.4DFC/16cc78a6-ebde-5b3f-8f8e-dcd410ac2883	d7c06d4ee16196821887cdeabdeef749	8210690086	['*']	['/open']	s3://nci-crdc-data-bucket-prod/1bb2565c-09cb-4430-b691-bfb3aaf140b2/ERR14101984_2.fastq.gz
dg.4DFC/16f58cec-147f-56ae-9771-1068c03cf894	47d952e31776d769a7b624e611c6fa45	8460409666	['*']	['/open']	s3://nci-crdc-data-bucket-prod/1bb2565c-09cb-4430-b691-bfb3aaf140b2/ERR14099680_2.fastq.gz
dg.4DFC/177bc2c5-0ba6-55e5-a88f-6fa97d153e4a	774dd5535766f07e4b6003b28f51e3bc	3234325885	['*']	['/open']	s3://nci-crdc-data-bucket-prod/1bb2565c-09cb-4430-b691-bfb3aaf140b2/ERR14102026_1.fastq.gz
dg.4DFC/179099e0-a555-5950-aaa7-8f55f7a6c03c	2788511fed617c5c6db722f5ea265592	6874952988	['*']	['/open']	s3://nci-crdc-data-bucket-prod/1bb2565c-09cb-4430-b691-bfb3aaf140b2/ERR14098083_1.fastq.gz
dg.4DFC/17e292df-8192-504a-8a67-f613e1d4df44	11d7472f0aadbcf1d255c33a0666259c	6471006140	['*']	['/open']	s3://nci-crdc-data-bucket-prod/1bb2565c-09cb-4430-b691-bfb3aaf140b2/ERR14098099_2.fastq.gz
dg.4DFC/185c1cbd-46f3-51e1-b23a-b7826aba360e	10f6035ec730cb27662004e502319df8	5407883455	['*']	['/open']	s3://nci-crdc-data-bucket-prod/1bb2565c-09cb-4430-b691-bfb3aaf140b2/ERR14102074_2.fastq.gz
dg.4DFC/186a3a7e-e92c-534e-9a69-1551faa9dc08	7870b3354e719ef87b411be41e5ebc8d	4672219500	['*']	['/open']	s3://nci-crdc-data-bucket-prod/1bb2565c-09cb-4430-b691-bfb3aaf140b2/ERR14102941_1.fastq.gz
dg.4DFC/18c147d9-cd7b-5727-920f-9a14b5b0cbaa	3297cefc1211373fb94c3deb786419e5	5164772239	['*']	['/open']	s3://nci-crdc-data-bucket-prod/1bb2565c-09cb-4430-b691-bfb3aaf140b2/ERR14102132_1.fastq.gz
dg.4DFC/192178c9-7aa0-5b3c-8428-60ffc776036a	932f373349e79ec0790bfb15c81001c5	4764680372	['*']	['/open']	s3://nci-crdc-data-bucket-prod/1bb2565c-09cb-4430-b691-bfb3aaf140b2/ERR14102131_2.fastq.gz
dg.4DFC/19430534-9afd-59a8-9bc8-e8ad9e79e9cb	01962c1d5050377f66e264c09ebd7881	5313162399	['*']	['/open']	s3://nci-crdc-data-bucket-prod/1bb2565c-09cb-4430-b691-bfb3aaf140b2/ERR14102925_2.fastq.gz
dg.4DFC/19bf2e8f-43b2-57a1-a91f-133e377e9432	fa6d7a94ae74739a8a0203fcfa5dd52d	4400517667	['*']	['/open']	s3://nci-crdc-data-bucket-prod/1bb2565c-09cb-4430-b691-bfb3aaf140b2/ERR14103092_1.fastq.gz
dg.4DFC/1ab0b6bf-b67d-5087-87f8-671775d39c8a	5f8c2573faaae4ff3bd0c3adea0ba847	7323263918	['*']	['/open']	s3://nci-crdc-data-bucket-prod/1bb2565c-09cb-4430-b691-bfb3aaf140b2/ERR14102060_1.fastq.gz
dg.4DFC/1ab83722-297c-462a-86be-81ed9b10496d	8151943038f5bc96ec0b0bb92c3518fa	29682	['*']	['/open']	s3://nci-crdc-data-bucket-prod/1bb2565c-09cb-4430-b691-bfb3aaf140b2/06-T-DOXRV-LN-A.RCC
dg.4DFC/1acb9a9c-990b-5dd5-a298-9aff20e9ec75	69c7c8eb7a7d696046a9206e6fe87539	7608472449	['*']	['/open']	s3://nci-crdc-data-bucket-prod/1bb2565c-09cb-4430-b691-bfb3aaf140b2/ERR14102972_2.fastq.gz
dg.4DFC/1af91d65-58ef-5819-b867-5f1a5c23374a	3fd1e1e95ebba02dd5d3f8cf820e3b16	6190817326	['*']	['/open']	s3://nci-crdc-data-bucket-prod/1bb2565c-09cb-4430-b691-bfb3aaf140b2/ERR14102955_2.fastq.gz
dg.4DFC/1b01a213-7267-5aed-900a-6a4aa21dbf59	511552d59ed87c81da440fabbcda6c7d	4036299275	['*']	['/open']	s3://nci-crdc-data-bucket-prod/1bb2565c-09cb-4430-b691-bfb3aaf140b2/ERR14102056_2.fastq.gz
dg.4DFC/1b242e5c-8d13-5dce-b258-323e5be548b1	aeec86c45026a7e216db6fca73598ae4	8285441517	['*']	['/open']	s3://nci-crdc-data-bucket-prod/1bb2565c-09cb-4430-b691-bfb3aaf140b2/ERR14102137_2.fastq.gz
dg.4DFC/1b61e1ee-7de4-4c8e-a7e1-13ebc1b407ba	76e48ee4fc807362cc0c8c0408db5e4a	29675	['*']	['/open']	s3://nci-crdc-data-bucket-prod/1bb2565c-09cb-4430-b691-bfb3aaf140b2/05-T-TAK-LN-A.RCC
dg.4DFC/1b6cdacb-c2d0-527c-bfa8-af7d7a0ac7c8	7fffaf88d321e5daa73a10c92e8fd472	4289294510	['*']	['/open']	s3://nci-crdc-data-bucket-prod/1bb2565c-09cb-4430-b691-bfb3aaf140b2/ERR14102049_2.fastq.gz
dg.4DFC/1bb66db7-d026-5627-905a-f0b68ffa58d2	41abf3974239b2467403a55c391e8c2b	6112277611	['*']	['/open']	s3://nci-crdc-data-bucket-prod/1bb2565c-09cb-4430-b691-bfb3aaf140b2/ERR14102062_2.fastq.gz
dg.4DFC/1bd15213-5b17-54d9-8b75-01b05bf6b569	ba18a340caec504237c1274df62597da	5315233296	['*']	['/open']	s3://nci-crdc-data-bucket-prod/1bb2565c-09cb-4430-b691-bfb3aaf140b2/ERR14099627_1.fastq.gz
dg.4DFC/1c026a2f-5a29-51fb-ae9d-cfcc4f2ac4c1	8628dd742d52c5d646fd27ef70a81747	5801982361	['*']	['/open']	s3://nci-crdc-data-bucket-prod/1bb2565c-09cb-4430-b691-bfb3aaf140b2/ERR14102953_1.fastq.gz
dg.4DFC/1c2e9143-e309-5d4e-9907-f23c34dc280f	f84887eded3302116ec65ecf52eafb8e	2209925238	['*']	['/open']	s3://nci-crdc-data-bucket-prod/1bb2565c-09cb-4430-b691-bfb3aaf140b2/ERR14096187_1.fastq.gz
dg.4DFC/1c79b905-201a-589e-a24f-27a984020821	a8a06231119c5d3162fa4921624f3582	8227973909	['*']	['/open']	s3://nci-crdc-data-bucket-prod/1bb2565c-09cb-4430-b691-bfb3aaf140b2/ERR14101994_2.fastq.gz
dg.4DFC/1d02847f-a23e-543c-8208-81b204d454e5	e91f7c55c4c8466c6c00e09c6dd85bd5	24399042050	['*']	['/open']	s3://nci-crdc-data-bucket-prod/1bb2565c-09cb-4430-b691-bfb3aaf140b2/ERR14099660_1.fastq.gz
dg.4DFC/1d469b99-dab9-5e39-9a50-e7b935f30947	647608cddfc633510666f5b2cb976d36	5957709810	['*']	['/open']	s3://nci-crdc-data-bucket-prod/1bb2565c-09cb-4430-b691-bfb3aaf140b2/ERR14099619_2.fastq.gz
dg.4DFC/1debd8a6-6675-5569-a531-ba9fee23feb8	b5d418eec0c9ecb22cd9229263c41f48	6149900798	['*']	['/open']	s3://nci-crdc-data-bucket-prod/1bb2565c-09cb-4430-b691-bfb3aaf140b2/ERR14102147_1.fastq.gz
dg.4DFC/1e0c1136-060f-5d57-8ec7-de0d21d44e00	10d05444448fa746dbc0a2eee776df66	4691240637	['*']	['/open']	s3://nci-crdc-data-bucket-prod/1bb2565c-09cb-4430-b691-bfb3aaf140b2/ERR14098060_1.fastq.gz
dg.4DFC/1e4671a6-8efb-5c6c-83d6-feae344c4b3c	a6aac3fb3bcb0f1dc560f57f7a987dba	5350890732	['*']	['/open']	s3://nci-crdc-data-bucket-prod/1bb2565c-09cb-4430-b691-bfb3aaf140b2/ERR14102014_2.fastq.gz
dg.4DFC/1eee502e-671f-5aba-b7e9-cab415ead709	31ab4155f80230bcc02a9a21a297141b	5692956012	['*']	['/open']	s3://nci-crdc-data-bucket-prod/1bb2565c-09cb-4430-b691-bfb3aaf140b2/ERR14099692_2.fastq.gz
dg.4DFC/1f1cd16a-7f70-5b19-ac0b-555344c89386	11690ae52fdf979126f89214b77167b5	6024781320	['*']	['/open']	s3://nci-crdc-data-bucket-prod/1bb2565c-09cb-4430-b691-bfb3aaf140b2/ERR14102103_1.fastq.gz
dg.4DFC/1f89a47f-0ebf-5262-b541-f52c1b437d76	1bf05518484c184c48048f50991d7b19	3045251745	['*']	['/open']	s3://nci-crdc-data-bucket-prod/1bb2565c-09cb-4430-b691-bfb3aaf140b2/ERR14096199_2.fastq.gz
dg.4DFC/20384587-335e-54d7-a6ca-41056c134619	75f007550b950262194b4fec2cda7d86	5841852736	['*']	['/open']	s3://nci-crdc-data-bucket-prod/1bb2565c-09cb-4430-b691-bfb3aaf140b2/ERR14102916_2.fastq.gz
dg.4DFC/2054b9c3-7191-587c-9372-d70231731a17	ca7c2fc277da734fa252fc4c1c2c89e7	5942302420	['*']	['/open']	s3://nci-crdc-data-bucket-prod/1bb2565c-09cb-4430-b691-bfb3aaf140b2/ERR14102892_2.fastq.gz
dg.4DFC/2083bb3e-598d-5020-a8eb-4be6a1e1fa0e	84647984314d93d8ea57b07b995ae23f	4064794904	['*']	['/open']	s3://nci-crdc-data-bucket-prod/1bb2565c-09cb-4430-b691-bfb3aaf140b2/ERR14099695_1.fastq.gz
dg.4DFC/20a2c678-a4af-5f9f-90dc-1d73bcfe744b	138e01de070810c977587f67a42758f4	5480070131	['*']	['/open']	s3://nci-crdc-data-bucket-prod/1bb2565c-09cb-4430-b691-bfb3aaf140b2/ERR14102979_1.fastq.gz
dg.4DFC/210d2a4a-3398-54cc-9070-9745fdf966c7	175a5d8613b4e29b9548f9f559ee3c71	5155068326	['*']	['/open']	s3://nci-crdc-data-bucket-prod/1bb2565c-09cb-4430-b691-bfb3aaf140b2/ERR14102144_1.fastq.gz
dg.4DFC/213d199c-3b7b-555c-a10d-49a036bf56ce	0cd368b193a48f55e5e690feaa28c18b	7142853972	['*']	['/open']	s3://nci-crdc-data-bucket-prod/1bb2565c-09cb-4430-b691-bfb3aaf140b2/ERR14102085_1.fastq.gz
dg.4DFC/215872c0-6019-5991-8133-da0b271f16ae	b79814035a82af0352fe734f4b9aab8b	5325754709	['*']	['/open']	s3://nci-crdc-data-bucket-prod/1bb2565c-09cb-4430-b691-bfb3aaf140b2/ERR14099657_1.fastq.gz
dg.4DFC/21601894-fdd5-57a0-88b3-0b374943bbc9	dda6df9fa8fc5c233fb2e8231a0b4ae7	3575986727	['*']	['/open']	s3://nci-crdc-data-bucket-prod/1bb2565c-09cb-4430-b691-bfb3aaf140b2/ERR14098075_2.fastq.gz
dg.4DFC/21609f51-3fd9-5bb8-8497-82fb0b901d92	0b48e4c2758471cafa4d0145a12e2e7e	2674947265	['*']	['/open']	s3://nci-crdc-data-bucket-prod/1bb2565c-09cb-4430-b691-bfb3aaf140b2/ERR14102031_1.fastq.gz
dg.4DFC/217b7ba1-ff97-50f2-910e-f4f282b56f7b	1eed654e63e628eabcdabe72006a8526	4102869820	['*']	['/open']	s3://nci-crdc-data-bucket-prod/1bb2565c-09cb-4430-b691-bfb3aaf140b2/ERR14096171_1.fastq.gz
dg.4DFC/21bf9818-21bc-59af-ad94-fd8b9620648b	a87ada1692ba4b8548192c5c31bde5ed	7379939805	['*']	['/open']	s3://nci-crdc-data-bucket-prod/1bb2565c-09cb-4430-b691-bfb3aaf140b2/ERR14102922_2.fastq.gz
dg.4DFC/22057a3b-b1ff-5d1d-94f6-42e20116a729	f39d7c34cf6b560b188f24b17ae3fff0	3359177716	['*']	['/open']	s3://nci-crdc-data-bucket-prod/1bb2565c-09cb-4430-b691-bfb3aaf140b2/ERR14096181_2.fastq.gz
dg.4DFC/221ab9d4-3c48-5606-a3bb-e2db9918b7b1	e52fbd5705a1d31c4388938ca2e5858e	5721544722	['*']	['/open']	s3://nci-crdc-data-bucket-prod/1bb2565c-09cb-4430-b691-bfb3aaf140b2/ERR14102898_1.fastq.gz
dg.4DFC/22887afc-3723-59c5-b65d-e7ddcdc18ada	36ec974615e9e633ffa25f699719ee46	7704562090	['*']	['/open']	s3://nci-crdc-data-bucket-prod/1bb2565c-09cb-4430-b691-bfb3aaf140b2/ERR14102020_1.fastq.gz
dg.4DFC/22bf7b97-192a-5f28-bca3-ba6205c71146	518a6825dd7938c48ae1da3e2a547d46	5314567350	['*']	['/open']	s3://nci-crdc-data-bucket-prod/1bb2565c-09cb-4430-b691-bfb3aaf140b2/ERR14102057_2.fastq.gz
dg.4DFC/235b3318-8e68-594a-9bab-c0d28bfb560f	4fd412fe4e365600a0563a6afa4962ba	7663250467	['*']	['/open']	s3://nci-crdc-data-bucket-prod/1bb2565c-09cb-4430-b691-bfb3aaf140b2/ERR14101990_1.fastq.gz
dg.4DFC/2365f0b1-f190-53b5-ae41-b238788adc98	5d5e728fa5199f8d39d621fc362c69db	6181862570	['*']	['/open']	s3://nci-crdc-data-bucket-prod/1bb2565c-09cb-4430-b691-bfb3aaf140b2/ERR14102880_2.fastq.gz
dg.4DFC/238e55df-78f9-5a83-a1a4-aa4566282547	e5c0a9be02ed82aa4ee13dbb72152a19	6006879226	['*']	['/open']	s3://nci-crdc-data-bucket-prod/1bb2565c-09cb-4430-b691-bfb3aaf140b2/ERR14098100_1.fastq.gz
dg.4DFC/23994fd4-e9fd-5f72-84ff-5bdfdb14962c	2646fedfc619b02a48770d34b8804131	5534447693	['*']	['/open']	s3://nci-crdc-data-bucket-prod/1bb2565c-09cb-4430-b691-bfb3aaf140b2/ERR14102938_2.fastq.gz
dg.4DFC/23c51b25-f771-5bde-ae07-10a644bfc693	b20bd91ec150018bb1e7c2c9e676ca67	5478213934	['*']	['/open']	s3://nci-crdc-data-bucket-prod/1bb2565c-09cb-4430-b691-bfb3aaf140b2/ERR14098064_1.fastq.gz
dg.4DFC/2409655c-1449-5ff9-9344-140586f4d17b	28f105debf4c004144544f57dfcff728	8447382582	['*']	['/open']	s3://nci-crdc-data-bucket-prod/1bb2565c-09cb-4430-b691-bfb3aaf140b2/ERR14102908_2.fastq.gz
dg.4DFC/2415e4d8-3628-586e-b395-69e7561812c5	c26887f5ed8106d24da87def23a31762	4230744706	['*']	['/open']	s3://nci-crdc-data-bucket-prod/1bb2565c-09cb-4430-b691-bfb3aaf140b2/ERR14099672_2.fastq.gz
dg.4DFC/2428364f-8adf-4e5e-928f-05b54196ed43	e6918ed9fa624af8dd262cbe3aa65ebb	29563	['*']	['/open']	s3://nci-crdc-data-bucket-prod/1bb2565c-09cb-4430-b691-bfb3aaf140b2/02-T-DOXRV-LN-D.RCC
dg.4DFC/246fdfbf-c1ef-5864-8dee-71717fb5be58	d9fdd26f6d8aab276008f430f391e44e	5476115440	['*']	['/open']	s3://nci-crdc-data-bucket-prod/1bb2565c-09cb-4430-b691-bfb3aaf140b2/ERR14102981_1.fastq.gz
dg.4DFC/24bc1330-1873-5cfc-9a74-fa9c9dea0aab	dcadb1ab56c5c03cdf599be9303bb766	4222698912	['*']	['/open']	s3://nci-crdc-data-bucket-prod/1bb2565c-09cb-4430-b691-bfb3aaf140b2/ERR14099635_2.fastq.gz
dg.4DFC/25029306-162e-5976-8bae-558f0badc7e9	4671474bab2e9fb064425c516eb9ed5d	6402291496	['*']	['/open']	s3://nci-crdc-data-bucket-prod/1bb2565c-09cb-4430-b691-bfb3aaf140b2/ERR14099613_2.fastq.gz
dg.4DFC/251cfd2f-2742-52d5-8ee6-803a3047485c	a5fe6dde1eab5e98615cb01b26faa663	5344613198	['*']	['/open']	s3://nci-crdc-data-bucket-prod/1bb2565c-09cb-4430-b691-bfb3aaf140b2/ERR14102082_1.fastq.gz
dg.4DFC/253a7e3c-014b-5f17-82dc-c60f7504cf81	e4d3406f61bc883319b81bb2e9648549	19443573139	['*']	['/open']	s3://nci-crdc-data-bucket-prod/1bb2565c-09cb-4430-b691-bfb3aaf140b2/ERR14099633_1.fastq.gz
dg.4DFC/25837b8c-d29b-56b6-8ae5-69446505a3be	1c93d77d1e6e20b7df4f4d69f4953678	3222795396	['*']	['/open']	s3://nci-crdc-data-bucket-prod/1bb2565c-09cb-4430-b691-bfb3aaf140b2/ERR14096166_1.fastq.gz
dg.4DFC/25c13ebc-6fc7-5b62-9649-c4b7818e0796	8704b3a4ae0e92104cbe71045024e9f7	4914047484	['*']	['/open']	s3://nci-crdc-data-bucket-prod/1bb2565c-09cb-4430-b691-bfb3aaf140b2/ERR14102977_1.fastq.gz
dg.4DFC/2643f250-39a5-59ab-a384-8a9184280a63	b6b18cb8f8d2826f242d13b71ad7d6ac	5729568341	['*']	['/open']	s3://nci-crdc-data-bucket-prod/1bb2565c-09cb-4430-b691-bfb3aaf140b2/ERR14102937_2.fastq.gz
dg.4DFC/265119f9-04fe-5144-82a6-b48ca8a50aa8	02d2158c61de4717954a3f26059508b9	6682837790	['*']	['/open']	s3://nci-crdc-data-bucket-prod/1bb2565c-09cb-4430-b691-bfb3aaf140b2/ERR14102028_2.fastq.gz
dg.4DFC/266955d7-1f46-59a6-9b71-1223992a4cbe	62a5acc632402893f47d0a0b8b9b0867	4841015697	['*']	['/open']	s3://nci-crdc-data-bucket-prod/1bb2565c-09cb-4430-b691-bfb3aaf140b2/ERR14098068_2.fastq.gz
dg.4DFC/26b47a58-e69f-53a6-bb80-19759e6fc90e	e3f202ca33f33a4823c8b0df75827dba	5937512777	['*']	['/open']	s3://nci-crdc-data-bucket-prod/1bb2565c-09cb-4430-b691-bfb3aaf140b2/ERR14102104_2.fastq.gz
dg.4DFC/26cf7b53-bf45-5e91-9e04-2a1d8224fcc8	f6249a6582a25dcd9707219ff2371697	4695044703	['*']	['/open']	s3://nci-crdc-data-bucket-prod/1bb2565c-09cb-4430-b691-bfb3aaf140b2/ERR14103092_2.fastq.gz
dg.4DFC/26cf7bd5-0844-5bab-a388-d2bd8a518a1d	e11354dd9d2f37f498f5eb37b74d2acf	6445919734	['*']	['/open']	s3://nci-crdc-data-bucket-prod/1bb2565c-09cb-4430-b691-bfb3aaf140b2/ERR14099610_2.fastq.gz
dg.4DFC/2717c1c6-dc63-5d35-99a9-1a58ed3118d0	607cb4863cd7625874024c4b3b12f95e	2947450707	['*']	['/open']	s3://nci-crdc-data-bucket-prod/1bb2565c-09cb-4430-b691-bfb3aaf140b2/ERR14096198_1.fastq.gz
dg.4DFC/275babac-725a-5c3f-8082-87e1fddba1f0	eaf837f3287880abbcdf497f65018385	6116590995	['*']	['/open']	s3://nci-crdc-data-bucket-prod/1bb2565c-09cb-4430-b691-bfb3aaf140b2/ERR14098109_2.fastq.gz
dg.4DFC/276e9607-7de0-5e8b-8dd2-be85e90c970b	0a825f256188d194b0f2cde254fc88a1	5217095319	['*']	['/open']	s3://nci-crdc-data-bucket-prod/1bb2565c-09cb-4430-b691-bfb3aaf140b2/ERR14102885_1.fastq.gz
dg.4DFC/2794407e-32f0-5de2-8fe5-b60ffa6f82a3	cfbd3dd34ad5b68d12ba47875997f3b3	5156788447	['*']	['/open']	s3://nci-crdc-data-bucket-prod/1bb2565c-09cb-4430-b691-bfb3aaf140b2/ERR14099697_1.fastq.gz
dg.4DFC/27ebac45-7db2-55ca-8892-d3ac5581ff99	34713d699a7737281afb048218219367	6366162550	['*']	['/open']	s3://nci-crdc-data-bucket-prod/1bb2565c-09cb-4430-b691-bfb3aaf140b2/ERR14102151_1.fastq.gz
dg.4DFC/281f8608-42d2-58ea-a1c3-f870327becf2	1970dfec3db1e930e5656dc14d61a9a1	25309110040	['*']	['/open']	s3://nci-crdc-data-bucket-prod/1bb2565c-09cb-4430-b691-bfb3aaf140b2/ERR14099662_1.fastq.gz
dg.4DFC/2839a746-a226-5503-9816-b0336700782c	5da809b95761dba62f7951f769b4ff5c	5915470739	['*']	['/open']	s3://nci-crdc-data-bucket-prod/1bb2565c-09cb-4430-b691-bfb3aaf140b2/ERR14102942_2.fastq.gz
dg.4DFC/296d1564-1162-566e-b32c-a1816d1d18fd	cf07d13b9dac29757d0ee41f2a9a5b39	4763220645	['*']	['/open']	s3://nci-crdc-data-bucket-prod/1bb2565c-09cb-4430-b691-bfb3aaf140b2/ERR14102053_1.fastq.gz
dg.4DFC/29a65d05-e45b-5645-96f1-e7e5a1a9d0fc	c14a755d8baffd911664ad8ec3bf0124	5435318425	['*']	['/open']	s3://nci-crdc-data-bucket-prod/1bb2565c-09cb-4430-b691-bfb3aaf140b2/ERR14102939_1.fastq.gz
dg.4DFC/29da2da7-e12a-5a28-9947-36be9418919f	9d83a31ae84944eb625471a2be100af4	5371690284	['*']	['/open']	s3://nci-crdc-data-bucket-prod/1bb2565c-09cb-4430-b691-bfb3aaf140b2/ERR14099628_1.fastq.gz
dg.4DFC/29f82861-d0b4-407d-9274-fe2a6fec25d4	1d8db01c3e6f6e7b8b59b58886ee6601	29762	['*']	['/open']	s3://nci-crdc-data-bucket-prod/1bb2565c-09cb-4430-b691-bfb3aaf140b2/07-T-TAK-LN-A.RCC
dg.4DFC/2a0055ee-f84e-5839-82c6-170ab233fac6	d74d1816614951a4748bf9ac53ce0585	3557552415	['*']	['/open']	s3://nci-crdc-data-bucket-prod/1bb2565c-09cb-4430-b691-bfb3aaf140b2/ERR14096194_1.fastq.gz
dg.4DFC/2a401c34-10c6-57a6-96f3-c28974067ba4	dc29d2b7b92bf3c8e582b7cba4dbb987	5847142906	['*']	['/open']	s3://nci-crdc-data-bucket-prod/1bb2565c-09cb-4430-b691-bfb3aaf140b2/ERR14102101_1.fastq.gz
dg.4DFC/2a481b9a-16bd-5843-80fc-b628aa6db300	5b3930e13d27738cc911529f33463b2a	7668578406	['*']	['/open']	s3://nci-crdc-data-bucket-prod/1bb2565c-09cb-4430-b691-bfb3aaf140b2/ERR14102085_2.fastq.gz
dg.4DFC/2a6fe0ba-b3c0-51f0-94fa-965f30d9a222	9459b48f18b714d1b415c74ed5706be8	3497037145	['*']	['/open']	s3://nci-crdc-data-bucket-prod/1bb2565c-09cb-4430-b691-bfb3aaf140b2/ERR14096195_1.fastq.gz
dg.4DFC/2aaa31c4-17f2-56a8-b553-d792c637fa19	49ac883c16f22d0a391be870cfd09c78	5491694794	['*']	['/open']	s3://nci-crdc-data-bucket-prod/1bb2565c-09cb-4430-b691-bfb3aaf140b2/ERR14099670_1.fastq.gz
dg.4DFC/2ac34e28-f2eb-4872-a7bd-dc63418e19e8	261cad5daa0e0b53973408beee1e307d	29708	['*']	['/open']	s3://nci-crdc-data-bucket-prod/1bb2565c-09cb-4430-b691-bfb3aaf140b2/07-T-KPT9274-LN-A.RCC
dg.4DFC/2b21324f-ccf9-556b-9d71-c23649845c68	98b6d353d819ab28f72f24dcbb1b910e	21101144111	['*']	['/open']	s3://nci-crdc-data-bucket-prod/1bb2565c-09cb-4430-b691-bfb3aaf140b2/ERR14099609_2.fastq.gz
dg.4DFC/2babd7d9-f9de-5f79-8d52-1d836d728980	e1d78654da2ea9e70b67e1e12c37475c	7774489770	['*']	['/open']	s3://nci-crdc-data-bucket-prod/1bb2565c-09cb-4430-b691-bfb3aaf140b2/ERR14101993_1.fastq.gz
dg.4DFC/2bb22e8c-b953-5db9-9c4f-6e2d03bafbdb	00906577960b9304b3ab2968afd14f6d	3779897446	['*']	['/open']	s3://nci-crdc-data-bucket-prod/1bb2565c-09cb-4430-b691-bfb3aaf140b2/ERR14102013_2.fastq.gz
dg.4DFC/2bb36c43-8b57-521e-8c1e-d89599f355f5	9f4b7b764657fadbc276f253c212237e	2931296615	['*']	['/open']	s3://nci-crdc-data-bucket-prod/1bb2565c-09cb-4430-b691-bfb3aaf140b2/ERR14096177_2.fastq.gz
dg.4DFC/2bbc3cdf-21d7-565d-9436-4fe342df8ba3	d4e63a47ed5a08dea04f48a6336b1360	5189329353	['*']	['/open']	s3://nci-crdc-data-bucket-prod/1bb2565c-09cb-4430-b691-bfb3aaf140b2/ERR14102040_1.fastq.gz
dg.4DFC/2c585345-b5d9-5a8d-bc39-3f8b4f4a5fa0	6a1165ebb6ea60d2cb7cff5f5b33d4d2	6990706778	['*']	['/open']	s3://nci-crdc-data-bucket-prod/1bb2565c-09cb-4430-b691-bfb3aaf140b2/ERR14102879_2.fastq.gz
dg.4DFC/2cb2900c-c158-5854-a126-d9d25a5cb634	b02cf1f70f3da39464c4421bea8c57d4	6386381598	['*']	['/open']	s3://nci-crdc-data-bucket-prod/1bb2565c-09cb-4430-b691-bfb3aaf140b2/ERR14102896_1.fastq.gz
dg.4DFC/2cc1af4c-7834-524f-9578-176ff420fcf8	16f2678b831e166426e7d26ee3815c51	3046894089	['*']	['/open']	s3://nci-crdc-data-bucket-prod/1bb2565c-09cb-4430-b691-bfb3aaf140b2/ERR14096198_2.fastq.gz
dg.4DFC/2d4c87e8-dfc8-5083-a308-a82f15365705	7ea32e412c5d625bc10897cb96faa681	6584917169	['*']	['/open']	s3://nci-crdc-data-bucket-prod/1bb2565c-09cb-4430-b691-bfb3aaf140b2/ERR14102877_1.fastq.gz
dg.4DFC/2d680ab0-9b57-5315-b12f-1625548edbad	bee1684a7619b1df5ba2ecd6743888b7	5901938812	['*']	['/open']	s3://nci-crdc-data-bucket-prod/1bb2565c-09cb-4430-b691-bfb3aaf140b2/ERR14099694_2.fastq.gz
dg.4DFC/2d81205b-a9a1-5bdd-a915-b65c8f1ebfeb	ae1e16a405941c40184af2c2ccc84114	5009469066	['*']	['/open']	s3://nci-crdc-data-bucket-prod/1bb2565c-09cb-4430-b691-bfb3aaf140b2/ERR14098071_1.fastq.gz
dg.4DFC/2d864ed6-8e49-5428-9bd1-ae532cd8925e	d5ffa0d926e5a4caa7780dd14e4e99cc	5410851532	['*']	['/open']	s3://nci-crdc-data-bucket-prod/1bb2565c-09cb-4430-b691-bfb3aaf140b2/ERR14102052_1.fastq.gz
dg.4DFC/2d87c636-fd77-5a96-aa38-341cce7bb2fa	dafc95b51cfb2fc0a19e8a381688116f	5478723190	['*']	['/open']	s3://nci-crdc-data-bucket-prod/1bb2565c-09cb-4430-b691-bfb3aaf140b2/ERR14102984_1.fastq.gz
dg.4DFC/2d921838-fe6b-5afb-b84c-4d62edff4be9	9cb00b1ee901fd278ecbfdc3e0999282	5420246283	['*']	['/open']	s3://nci-crdc-data-bucket-prod/1bb2565c-09cb-4430-b691-bfb3aaf140b2/ERR14102916_1.fastq.gz
dg.4DFC/2e59c26a-74b2-58d9-bca7-37218a513865	d3d224937932170099fd1203f9952248	5954782760	['*']	['/open']	s3://nci-crdc-data-bucket-prod/1bb2565c-09cb-4430-b691-bfb3aaf140b2/ERR14098104_1.fastq.gz
dg.4DFC/2e696524-12a0-583a-a630-39b772015129	d83eae8537484928684dd58d18eedcc0	7304850870	['*']	['/open']	s3://nci-crdc-data-bucket-prod/1bb2565c-09cb-4430-b691-bfb3aaf140b2/ERR14102091_2.fastq.gz
dg.4DFC/2e80a4ce-abaa-5728-a88f-a6621ccc1ea8	23a951c731934619a6425bb142a017e5	5062476058	['*']	['/open']	s3://nci-crdc-data-bucket-prod/1bb2565c-09cb-4430-b691-bfb3aaf140b2/ERR14102116_1.fastq.gz
dg.4DFC/2e9f0df4-6b47-514c-af62-04080fcc76c6	3cb1a51d1a73341b179e73963b2639fe	2561447955	['*']	['/open']	s3://nci-crdc-data-bucket-prod/1bb2565c-09cb-4430-b691-bfb3aaf140b2/ERR14102143_1.fastq.gz
dg.4DFC/2eb57b5a-759e-5265-9be0-5192a0221210	64946e5b030fca5c745ae705a7d5eef2	7005579927	['*']	['/open']	s3://nci-crdc-data-bucket-prod/1bb2565c-09cb-4430-b691-bfb3aaf140b2/ERR14103098_1.fastq.gz
dg.4DFC/2f7af686-6ec3-513d-907d-b29b91bf9081	cce4150965cd2200cac5378db99e917a	4184010105	['*']	['/open']	s3://nci-crdc-data-bucket-prod/1bb2565c-09cb-4430-b691-bfb3aaf140b2/ERR14096176_1.fastq.gz
dg.4DFC/2fa6c969-e691-5f9d-a368-7806bdbb0a21	a35db00382e021d1ab79073b5c530115	9109854518	['*']	['/open']	s3://nci-crdc-data-bucket-prod/1bb2565c-09cb-4430-b691-bfb3aaf140b2/ERR14099677_2.fastq.gz
dg.4DFC/30036392-a9c6-5360-8e2f-e43d10a2d2bd	ec9cddb56cffefd5b4bed65f44f80bd1	6538660009	['*']	['/open']	s3://nci-crdc-data-bucket-prod/1bb2565c-09cb-4430-b691-bfb3aaf140b2/ERR14098103_2.fastq.gz
dg.4DFC/301dd732-8ecf-431e-9fbb-0f2cfded7824	167ba07e1621f7b32c8d7cf8f1b4fedb	29766	['*']	['/open']	s3://nci-crdc-data-bucket-prod/1bb2565c-09cb-4430-b691-bfb3aaf140b2/05-T-DOXRV-LN-A.RCC
dg.4DFC/3046936b-0bf4-5129-a7b7-067db30f7be0	fa2312cc8631dc3611dc9c2de1c577bd	18683524888	['*']	['/open']	s3://nci-crdc-data-bucket-prod/1bb2565c-09cb-4430-b691-bfb3aaf140b2/ERR14099598_1.fastq.gz
dg.4DFC/30d4399a-25be-5682-bcc0-f3a4caa2e804	53172bed074725e7a34d4e54ba3cc188	4481630564	['*']	['/open']	s3://nci-crdc-data-bucket-prod/1bb2565c-09cb-4430-b691-bfb3aaf140b2/ERR14102131_1.fastq.gz
dg.4DFC/313e869b-b9ba-53d2-a293-dbfc88640f0d	d9efc0405bf7e8ba884b1dacd859d4a4	6746365015	['*']	['/open']	s3://nci-crdc-data-bucket-prod/1bb2565c-09cb-4430-b691-bfb3aaf140b2/ERR14102878_1.fastq.gz
dg.4DFC/31f074a3-f0b3-5222-b638-431f2051830b	174b4a9d79c7fae2007604dcf875c2bf	4200828838	['*']	['/open']	s3://nci-crdc-data-bucket-prod/1bb2565c-09cb-4430-b691-bfb3aaf140b2/ERR14096171_2.fastq.gz
dg.4DFC/31f4f0e9-bca8-549f-8de4-721f6eb71625	d9370717e40ff77e7f5368cb15fa70fe	5175783767	['*']	['/open']	s3://nci-crdc-data-bucket-prod/1bb2565c-09cb-4430-b691-bfb3aaf140b2/ERR14098062_2.fastq.gz
dg.4DFC/32035a9b-555e-5797-8265-e93f28beed41	664b3d8688435daa1a7cef9206359a47	7269576175	['*']	['/open']	s3://nci-crdc-data-bucket-prod/1bb2565c-09cb-4430-b691-bfb3aaf140b2/ERR14102986_2.fastq.gz
dg.4DFC/321717ce-46e3-5cb6-8936-e814b1b70b24	34261622b6a56a4e44882a29cbc15d2c	4822788110	['*']	['/open']	s3://nci-crdc-data-bucket-prod/1bb2565c-09cb-4430-b691-bfb3aaf140b2/ERR14099685_1.fastq.gz
dg.4DFC/3338473f-08d0-5b23-bba2-626593a0a408	29c5e207d168b37fe2b005313564ba00	4020221407	['*']	['/open']	s3://nci-crdc-data-bucket-prod/1bb2565c-09cb-4430-b691-bfb3aaf140b2/ERR14098065_1.fastq.gz
dg.4DFC/33cc226f-6537-52ad-b2ed-183894849952	3071e6555a97246ef6394435b6a1ca21	3891217717	['*']	['/open']	s3://nci-crdc-data-bucket-prod/1bb2565c-09cb-4430-b691-bfb3aaf140b2/ERR14099658_1.fastq.gz
dg.4DFC/341fa735-1206-478f-8092-0599055fb1eb	8073c88a313e83838e6045afe33b8604	29666	['*']	['/open']	s3://nci-crdc-data-bucket-prod/1bb2565c-09cb-4430-b691-bfb3aaf140b2/03-T-TAK-LN-A.RCC
dg.4DFC/34253f49-f889-551b-abfd-6cd33b8f4139	f32e234a73df1271344777209c53a02c	3471008078	['*']	['/open']	s3://nci-crdc-data-bucket-prod/1bb2565c-09cb-4430-b691-bfb3aaf140b2/ERR14096189_2.fastq.gz
dg.4DFC/3537d896-5676-587e-bf48-6763942aa0ff	cbdadffc7db9e8143e48cd0ce9111354	5708052776	['*']	['/open']	s3://nci-crdc-data-bucket-prod/1bb2565c-09cb-4430-b691-bfb3aaf140b2/ERR14099691_2.fastq.gz
dg.4DFC/35c11a18-3719-5be4-bb5e-eb1a8ba6b0d4	bbd57efe58ae8698a6d61e07a03a08b0	5812618908	['*']	['/open']	s3://nci-crdc-data-bucket-prod/1bb2565c-09cb-4430-b691-bfb3aaf140b2/ERR14102968_2.fastq.gz
dg.4DFC/35d39f43-0a7d-5e6a-8b2d-7dd8534bd753	9331ba2bee64f88d41ea7586ae8e68d6	6019026520	['*']	['/open']	s3://nci-crdc-data-bucket-prod/1bb2565c-09cb-4430-b691-bfb3aaf140b2/ERR14102038_2.fastq.gz
dg.4DFC/35e8845e-2434-5f0b-b926-f3b98be16916	08a2a3c6ea7c86aac76ee5b219cebff4	12605930603	['*']	['/open']	s3://nci-crdc-data-bucket-prod/1bb2565c-09cb-4430-b691-bfb3aaf140b2/ERR14102096_1.fastq.gz
dg.4DFC/361c6dad-70f4-5b0c-b053-b27d32907f39	456fbf2ec0f6e6ee159c5eca93066cad	7075360747	['*']	['/open']	s3://nci-crdc-data-bucket-prod/1bb2565c-09cb-4430-b691-bfb3aaf140b2/ERR14102877_2.fastq.gz
dg.4DFC/36876e19-cd18-5f2a-b3aa-2a98a6426646	95521208f439ea826181c86294888db1	6112982819	['*']	['/open']	s3://nci-crdc-data-bucket-prod/1bb2565c-09cb-4430-b691-bfb3aaf140b2/ERR14102003_1.fastq.gz
dg.4DFC/368c9c25-30a5-58f4-acf8-0ca245b7bafe	f693ed0349f35f3816ae458f92c715c4	4756808305	['*']	['/open']	s3://nci-crdc-data-bucket-prod/1bb2565c-09cb-4430-b691-bfb3aaf140b2/ERR14099686_1.fastq.gz
dg.4DFC/36d6d62b-3b5c-5183-8dd4-1efab55ee4ba	c0bcc69639ee0e048f51ec124fb8c9c7	6763524312	['*']	['/open']	s3://nci-crdc-data-bucket-prod/1bb2565c-09cb-4430-b691-bfb3aaf140b2/ERR14099679_2.fastq.gz
dg.4DFC/36f63e8a-bc08-5046-8a2a-3f431a18afc9	c761d746eb0c732a32639a9187ba5603	4248843149	['*']	['/open']	s3://nci-crdc-data-bucket-prod/1bb2565c-09cb-4430-b691-bfb3aaf140b2/ERR14096176_2.fastq.gz
dg.4DFC/37201280-11b6-5fe5-b07e-97ec0d4ea291	6873e9a71b600864056b05a52c22367b	5525618540	['*']	['/open']	s3://nci-crdc-data-bucket-prod/1bb2565c-09cb-4430-b691-bfb3aaf140b2/ERR14102022_1.fastq.gz
dg.4DFC/3785e8a8-97cc-52f7-8b8d-93ee8caf4235	f615e29931fb3291594e3804070417bf	5269956362	['*']	['/open']	s3://nci-crdc-data-bucket-prod/1bb2565c-09cb-4430-b691-bfb3aaf140b2/ERR14102919_1.fastq.gz
dg.4DFC/37bf29e2-831e-5d4f-8561-d64d26aa9e47	e664591ad03941f2429da605c1cbac82	8973600724	['*']	['/open']	s3://nci-crdc-data-bucket-prod/1bb2565c-09cb-4430-b691-bfb3aaf140b2/ERR14099678_2.fastq.gz
dg.4DFC/37cd4cc4-d5ec-5e40-8028-ab4afe06869d	d38c05c9f45f2e080714b869cfae624e	8157315104	['*']	['/open']	s3://nci-crdc-data-bucket-prod/1bb2565c-09cb-4430-b691-bfb3aaf140b2/ERR14102112_2.fastq.gz
dg.4DFC/37da4973-29b4-562c-b938-1a76466a75d4	3a9e3ea0c1c42d238723cc6b3871bb00	7870869158	['*']	['/open']	s3://nci-crdc-data-bucket-prod/1bb2565c-09cb-4430-b691-bfb3aaf140b2/ERR14102123_2.fastq.gz
dg.4DFC/38491940-a5bf-51be-b926-75b59d01f5ff	6733dda7ab9dd32dd5b3037f6f34a7e1	5011004937	['*']	['/open']	s3://nci-crdc-data-bucket-prod/1bb2565c-09cb-4430-b691-bfb3aaf140b2/ERR14102941_2.fastq.gz
dg.4DFC/385bc1ae-9f56-53a7-8d44-6032a53b4615	692d22e5a60aad443f505ef5655ddefd	6932965686	['*']	['/open']	s3://nci-crdc-data-bucket-prod/1bb2565c-09cb-4430-b691-bfb3aaf140b2/ERR14102876_2.fastq.gz
dg.4DFC/38a8e7bd-1c83-5a05-941b-4062fabd1c55	e59b3c4b4f85d646a35427b3a9dafcc9	7733554515	['*']	['/open']	s3://nci-crdc-data-bucket-prod/1bb2565c-09cb-4430-b691-bfb3aaf140b2/ERR14101994_1.fastq.gz
dg.4DFC/38dccbcf-1071-5c6a-8b76-1c7babaeaaf1	1a9304f34672a051c90efbe05f531521	3083890967	['*']	['/open']	s3://nci-crdc-data-bucket-prod/1bb2565c-09cb-4430-b691-bfb3aaf140b2/ERR14096183_1.fastq.gz
dg.4DFC/38ed491d-99ca-52b9-8e7d-b8affbfb02b3	aa571cc0f14c4aa59af6ab7c6fd04e2a	4993711565	['*']	['/open']	s3://nci-crdc-data-bucket-prod/1bb2565c-09cb-4430-b691-bfb3aaf140b2/ERR14103089_1.fastq.gz
dg.4DFC/392fe4e0-fe23-5b3b-91db-84e61d97a573	8086abb34e332848f5c3de995ff8b33c	5852526571	['*']	['/open']	s3://nci-crdc-data-bucket-prod/1bb2565c-09cb-4430-b691-bfb3aaf140b2/ERR14098090_2.fastq.gz
dg.4DFC/3a8bcdeb-dc59-5a71-a0b2-77daaf453c05	4e16624237722ee0f09f0013b6e2cf50	24718088896	['*']	['/open']	s3://nci-crdc-data-bucket-prod/1bb2565c-09cb-4430-b691-bfb3aaf140b2/ERR14099661_1.fastq.gz
dg.4DFC/3aa7fcb6-ac86-55cb-8c71-a48a3641a15a	0d428370fb06a216cc523b6779792a81	5890946300	['*']	['/open']	s3://nci-crdc-data-bucket-prod/1bb2565c-09cb-4430-b691-bfb3aaf140b2/ERR14099611_1.fastq.gz
dg.4DFC/3ada2a22-2a78-528f-a3ec-03f9f6879845	46939cc03a21e56f4483bbfc3d4a9b4c	4752019493	['*']	['/open']	s3://nci-crdc-data-bucket-prod/1bb2565c-09cb-4430-b691-bfb3aaf140b2/ERR14098070_1.fastq.gz
dg.4DFC/3b1c8541-f082-55f6-9f77-55f7c16b018a	eea86b89cfd075df761458d0b5c6f4ec	5082304136	['*']	['/open']	s3://nci-crdc-data-bucket-prod/1bb2565c-09cb-4430-b691-bfb3aaf140b2/ERR14098066_1.fastq.gz
dg.4DFC/3b2c92de-8aee-5148-bcd9-73fae2471988	0534fc66f6cbae679043ec7e180f89c4	5503558363	['*']	['/open']	s3://nci-crdc-data-bucket-prod/1bb2565c-09cb-4430-b691-bfb3aaf140b2/ERR14102134_2.fastq.gz
dg.4DFC/3b48d1d6-9eb7-53f0-a2b4-1a10e067e173	b727b6b564c95f66bff43dd759a6b0c5	5108753200	['*']	['/open']	s3://nci-crdc-data-bucket-prod/1bb2565c-09cb-4430-b691-bfb3aaf140b2/ERR14102119_1.fastq.gz
dg.4DFC/3bce9bc0-5271-53c4-9c3d-dda35319476a	8b4ca86203e0ef7bf05ac9cf632a18e0	6223054398	['*']	['/open']	s3://nci-crdc-data-bucket-prod/1bb2565c-09cb-4430-b691-bfb3aaf140b2/ERR14099603_2.fastq.gz
dg.4DFC/3c0a2d32-5eba-5902-b630-01a88d9096b7	0d6a895aceb88cd6c35f6141b8c1cf04	4743274281	['*']	['/open']	s3://nci-crdc-data-bucket-prod/1bb2565c-09cb-4430-b691-bfb3aaf140b2/ERR14103079_2.fastq.gz
dg.4DFC/3c20ef6e-891d-525c-bc80-b965faf9f093	85c912b5787af4667c236f21cc1aec3b	3317292285	['*']	['/open']	s3://nci-crdc-data-bucket-prod/1bb2565c-09cb-4430-b691-bfb3aaf140b2/ERR14098076_1.fastq.gz
dg.4DFC/3c25a9ad-7a4c-5957-8641-cb824ae798d7	05fe334d5a1413ddc1158a6933072881	5634927252	['*']	['/open']	s3://nci-crdc-data-bucket-prod/1bb2565c-09cb-4430-b691-bfb3aaf140b2/ERR14102965_2.fastq.gz
dg.4DFC/3c3204eb-4849-5d21-afa5-3a09d30be9dd	525c97fb5f4f461865033611f975498e	6806179395	['*']	['/open']	s3://nci-crdc-data-bucket-prod/1bb2565c-09cb-4430-b691-bfb3aaf140b2/ERR14102933_1.fastq.gz
dg.4DFC/3c51d009-bc93-558d-814c-10c4d343f7cb	a14dbaece8eb106cb6fd45a0c18bf0cf	7022905537	['*']	['/open']	s3://nci-crdc-data-bucket-prod/1bb2565c-09cb-4430-b691-bfb3aaf140b2/ERR14102920_1.fastq.gz
dg.4DFC/3c898642-2e6e-56b3-8d4a-17218e8c6bb3	c758c1cf8e55e7173614cfce70d7803d	7649473213	['*']	['/open']	s3://nci-crdc-data-bucket-prod/1bb2565c-09cb-4430-b691-bfb3aaf140b2/ERR14101995_1.fastq.gz
dg.4DFC/3cfa08e9-e533-536b-935d-7d8ea2fdbdbf	098a2d385c022dca1f43a13b4b3de5e1	2662314415	['*']	['/open']	s3://nci-crdc-data-bucket-prod/1bb2565c-09cb-4430-b691-bfb3aaf140b2/ERR14096161_1.fastq.gz
dg.4DFC/3cfe495d-db91-5b26-919c-eeeea15f2088	cfea2bacd14ca03684c502ad78e946e2	3518911878	['*']	['/open']	s3://nci-crdc-data-bucket-prod/1bb2565c-09cb-4430-b691-bfb3aaf140b2/ERR14102122_2.fastq.gz
dg.4DFC/3d074b59-5edf-5434-988c-7ffbc87e346e	41041f3a80c7a9d2d44e23d1a07dc53a	3528758619	['*']	['/open']	s3://nci-crdc-data-bucket-prod/1bb2565c-09cb-4430-b691-bfb3aaf140b2/ERR14096196_1.fastq.gz
dg.4DFC/3d16ffea-ac38-503d-80ce-7274356c15b1	38d3daeec1b07e7c41ae39762150bc35	5797559182	['*']	['/open']	s3://nci-crdc-data-bucket-prod/1bb2565c-09cb-4430-b691-bfb3aaf140b2/ERR14098095_1.fastq.gz
dg.4DFC/3d1ca546-ef20-59a9-b1ff-37410ea51bd2	f67ed2991f88c92167212caf3835b3d8	8617735734	['*']	['/open']	s3://nci-crdc-data-bucket-prod/1bb2565c-09cb-4430-b691-bfb3aaf140b2/ERR14102008_1.fastq.gz
dg.4DFC/3d36a737-d9bc-5c2a-9f4c-4d66e61b3f30	d5ac06c33846154b6bd96dafdfb49369	6337506336	['*']	['/open']	s3://nci-crdc-data-bucket-prod/1bb2565c-09cb-4430-b691-bfb3aaf140b2/ERR14098095_2.fastq.gz
dg.4DFC/3d90e0f9-d0eb-5e12-b100-3c148d7fc7ab	1b7c8a875230a9a1201d056e45554e5e	5853958188	['*']	['/open']	s3://nci-crdc-data-bucket-prod/1bb2565c-09cb-4430-b691-bfb3aaf140b2/ERR14102950_2.fastq.gz
dg.4DFC/3dad390e-c81c-5d5c-98e0-fe3fba9688df	e31a97eff0fbd62ff203c5684092fefc	6570549360	['*']	['/open']	s3://nci-crdc-data-bucket-prod/1bb2565c-09cb-4430-b691-bfb3aaf140b2/ERR14098084_1.fastq.gz
dg.4DFC/3dd008b0-c520-53f5-99e4-311765267472	6db7262d748c5091fe74811c90c89937	8343855868	['*']	['/open']	s3://nci-crdc-data-bucket-prod/1bb2565c-09cb-4430-b691-bfb3aaf140b2/ERR14102909_2.fastq.gz
dg.4DFC/3e6e22b5-4568-5c30-b35c-c71c9fff4db3	b502276256f751d886e27eb98f045ee6	6053600567	['*']	['/open']	s3://nci-crdc-data-bucket-prod/1bb2565c-09cb-4430-b691-bfb3aaf140b2/ERR14102146_1.fastq.gz
dg.4DFC/3e8f2bf0-f595-54fa-aaae-8e7042331303	f69162091e7a07877e4d8fb52aca921a	5746891472	['*']	['/open']	s3://nci-crdc-data-bucket-prod/1bb2565c-09cb-4430-b691-bfb3aaf140b2/ERR14099689_2.fastq.gz
dg.4DFC/3ea7f24d-5033-56e7-b224-59c5f613df23	e10ed98e3a855315cd64f8d7d6c39acd	8305987293	['*']	['/open']	s3://nci-crdc-data-bucket-prod/1bb2565c-09cb-4430-b691-bfb3aaf140b2/ERR14102136_2.fastq.gz
dg.4DFC/3f392753-02c5-5641-bc22-595ddf997379	3ab6f7ca67508ce6750feaaaa6b71598	6208519439	['*']	['/open']	s3://nci-crdc-data-bucket-prod/1bb2565c-09cb-4430-b691-bfb3aaf140b2/ERR14098092_1.fastq.gz
dg.4DFC/3f9e8fb2-d836-54b1-956d-d8bd72d58fb4	6d693281cdb3724681c65b98aceae8e6	3396723644	['*']	['/open']	s3://nci-crdc-data-bucket-prod/1bb2565c-09cb-4430-b691-bfb3aaf140b2/ERR14098078_1.fastq.gz
dg.4DFC/3fc536d9-d0d0-5f96-8a18-1a2ec805201d	d22c1c06a3c9695b9d8889f82a0b24f4	4420614630	['*']	['/open']	s3://nci-crdc-data-bucket-prod/1bb2565c-09cb-4430-b691-bfb3aaf140b2/ERR14098082_1.fastq.gz
dg.4DFC/3fce9a05-a304-47c0-b8cb-02913b6de8d8	f45d6d603771cf082a9082bcb7c01779	29714	['*']	['/open']	s3://nci-crdc-data-bucket-prod/1bb2565c-09cb-4430-b691-bfb3aaf140b2/07-T-KPT-LN-D.RCC
dg.4DFC/3ff14a40-e4ab-57c2-a277-ccab9bd143bf	3b00736fa0069dad89b36e4570ea20eb	6233383650	['*']	['/open']	s3://nci-crdc-data-bucket-prod/1bb2565c-09cb-4430-b691-bfb3aaf140b2/ERR14099611_2.fastq.gz
dg.4DFC/405ea19c-9a09-52b6-b4ca-0fb329a72424	3bc8b956f49b92795782a5f1b98ee8b3	6002719564	['*']	['/open']	s3://nci-crdc-data-bucket-prod/1bb2565c-09cb-4430-b691-bfb3aaf140b2/ERR14102017_1.fastq.gz
dg.4DFC/406c6a9c-96e7-50ac-8e54-b8ac6831d0d2	a5190de5f3ac9b7794ef2c69d0286eeb	5431065865	['*']	['/open']	s3://nci-crdc-data-bucket-prod/1bb2565c-09cb-4430-b691-bfb3aaf140b2/ERR14103090_1.fastq.gz
dg.4DFC/40daa834-14e0-54fc-875f-e076ba94dd7a	d4e51143c79eb1f0a0bf69b67de88991	5992320075	['*']	['/open']	s3://nci-crdc-data-bucket-prod/1bb2565c-09cb-4430-b691-bfb3aaf140b2/ERR14102979_2.fastq.gz
dg.4DFC/40f55d1d-76e7-5e5f-bf92-bf4cb4baac3a	df7a12c9045e67893fbf586df9bcc0ac	8176281904	['*']	['/open']	s3://nci-crdc-data-bucket-prod/1bb2565c-09cb-4430-b691-bfb3aaf140b2/ERR14102020_2.fastq.gz
dg.4DFC/4102432a-3aa7-5fa2-aab7-6c1f124eaf57	d08004c995113fbe87672cb865c78d25	6700837247	['*']	['/open']	s3://nci-crdc-data-bucket-prod/1bb2565c-09cb-4430-b691-bfb3aaf140b2/ERR14102106_2.fastq.gz
dg.4DFC/4195093a-e064-5e44-8b57-ee3fbaeca13d	235c6239f1d6347b059ca3dea5cbec62	2955569249	['*']	['/open']	s3://nci-crdc-data-bucket-prod/1bb2565c-09cb-4430-b691-bfb3aaf140b2/ERR14102065_2.fastq.gz
dg.4DFC/41cf8fa7-075e-51b7-a1fc-4b43b150594c	2ce3844747888fc512766d772422d5df	4071296529	['*']	['/open']	s3://nci-crdc-data-bucket-prod/1bb2565c-09cb-4430-b691-bfb3aaf140b2/ERR14096168_1.fastq.gz
dg.4DFC/422b6421-c2ea-55d3-9344-853b64e31df8	f7c88bc91c37b25959e805696924875c	5242789861	['*']	['/open']	s3://nci-crdc-data-bucket-prod/1bb2565c-09cb-4430-b691-bfb3aaf140b2/ERR14102127_2.fastq.gz
dg.4DFC/42bb3933-886d-5931-9f7a-4a37dd42f8b1	b1d1c5c7642e87b23640edec13b33c6b	9399609631	['*']	['/open']	s3://nci-crdc-data-bucket-prod/1bb2565c-09cb-4430-b691-bfb3aaf140b2/ERR14102006_2.fastq.gz
dg.4DFC/42bd8a2e-1b66-543e-a9f3-c00b9219e584	279145fe9a76d3101791a96b22e5a804	5311808768	['*']	['/open']	s3://nci-crdc-data-bucket-prod/1bb2565c-09cb-4430-b691-bfb3aaf140b2/ERR14102116_2.fastq.gz
dg.4DFC/433b5ea0-e713-5aab-be07-75a03dbc82d3	7bae509da13288e4a757fc5c04683930	5700272484	['*']	['/open']	s3://nci-crdc-data-bucket-prod/1bb2565c-09cb-4430-b691-bfb3aaf140b2/ERR14103090_2.fastq.gz
dg.4DFC/433d46a3-0d52-53da-ae26-c0ac43b69b3c	417a62c8082b45003d35a0970c9e46c5	5131382146	['*']	['/open']	s3://nci-crdc-data-bucket-prod/1bb2565c-09cb-4430-b691-bfb3aaf140b2/ERR14102884_1.fastq.gz
dg.4DFC/43d26c25-aeb4-5417-9bce-8c8b9035c7b3	2eba7252c7239a8a89dadb8bd9835af9	5852612548	['*']	['/open']	s3://nci-crdc-data-bucket-prod/1bb2565c-09cb-4430-b691-bfb3aaf140b2/ERR14098110_1.fastq.gz
dg.4DFC/43de9331-b5f5-50ab-8dd3-029cfc7bad6a	4b7256b4872d7209edf8db407e3e8032	5783259828	['*']	['/open']	s3://nci-crdc-data-bucket-prod/1bb2565c-09cb-4430-b691-bfb3aaf140b2/ERR14102911_2.fastq.gz
dg.4DFC/43e33af6-ae78-54c9-a39c-0f34f84be347	08779ef0664abd945a4723dec89fa0a1	5628746995	['*']	['/open']	s3://nci-crdc-data-bucket-prod/1bb2565c-09cb-4430-b691-bfb3aaf140b2/ERR14102952_1.fastq.gz
dg.4DFC/440f5d0e-57fa-5325-a6f8-d0f283fa6ad5	b6cecc0a82ce203f757e37e1ce6b1796	6065286104	['*']	['/open']	s3://nci-crdc-data-bucket-prod/1bb2565c-09cb-4430-b691-bfb3aaf140b2/ERR14099610_1.fastq.gz
dg.4DFC/4456a613-4601-5367-b6d2-18397f8c3df9	b6145049a912325160f034dda8c63586	5991367586	['*']	['/open']	s3://nci-crdc-data-bucket-prod/1bb2565c-09cb-4430-b691-bfb3aaf140b2/ERR14102015_1.fastq.gz
dg.4DFC/4479bbeb-aa29-5bf5-87fd-4eaeccf672dc	e3d8e0a437cd3392e2a5b6bfd0a0e2f0	5450481920	['*']	['/open']	s3://nci-crdc-data-bucket-prod/1bb2565c-09cb-4430-b691-bfb3aaf140b2/ERR14102936_2.fastq.gz
dg.4DFC/44901a7d-39f9-49be-a5cb-36ac3bbb1f73	8d11a73d0664257ecdb7c47068c4f678	29646	['*']	['/open']	s3://nci-crdc-data-bucket-prod/1bb2565c-09cb-4430-b691-bfb3aaf140b2/04-T-DOXRV-LN-A.RCC
dg.4DFC/4491fc77-3213-520b-8e90-c45b5ce0dffa	40e96fd26117721c5a1278e78ea3d940	26107414738	['*']	['/open']	s3://nci-crdc-data-bucket-prod/1bb2565c-09cb-4430-b691-bfb3aaf140b2/ERR14099661_2.fastq.gz
dg.4DFC/451db555-c44e-571f-a85f-e73fa08d9757	db676023146c7fc42038087caa90bfbb	26647302880	['*']	['/open']	s3://nci-crdc-data-bucket-prod/1bb2565c-09cb-4430-b691-bfb3aaf140b2/ERR14099662_2.fastq.gz
dg.4DFC/4531420a-b570-556e-a9e4-e26879ee2807	69ad097fba8a9639d4cb37ce70d69c8a	7816114403	['*']	['/open']	s3://nci-crdc-data-bucket-prod/1bb2565c-09cb-4430-b691-bfb3aaf140b2/ERR14101983_2.fastq.gz
dg.4DFC/458823d6-c672-5ec5-8bc3-91e6d602eadd	f0eaf5a7084c7bddd5400e0a7fc5032a	8287186366	['*']	['/open']	s3://nci-crdc-data-bucket-prod/1bb2565c-09cb-4430-b691-bfb3aaf140b2/ERR14102111_2.fastq.gz
dg.4DFC/45a7de25-4e31-59ac-a8db-c4a09be9da7a	af82777ecc612d11c0b1cb09d8adb1e6	5776479596	['*']	['/open']	s3://nci-crdc-data-bucket-prod/1bb2565c-09cb-4430-b691-bfb3aaf140b2/ERR14102984_2.fastq.gz
dg.4DFC/45b260c7-ac79-5614-a61f-1fe9b7e93c2f	9421ee4dd55972bc6d96d6cdbbb46113	6414291545	['*']	['/open']	s3://nci-crdc-data-bucket-prod/1bb2565c-09cb-4430-b691-bfb3aaf140b2/ERR14098101_2.fastq.gz
dg.4DFC/45e2926d-d80e-566f-938f-23ee922e82f1	8eb7a676be5b326170b2c59177c164fd	2864675264	['*']	['/open']	s3://nci-crdc-data-bucket-prod/1bb2565c-09cb-4430-b691-bfb3aaf140b2/ERR14102031_2.fastq.gz
dg.4DFC/46914668-4253-5bc6-91cc-26bc3080ade3	0c678a6d1c8fe7747132b59d22ce0113	3105170268	['*']	['/open']	s3://nci-crdc-data-bucket-prod/1bb2565c-09cb-4430-b691-bfb3aaf140b2/ERR14099665_2.fastq.gz
dg.4DFC/4697f176-5530-53e6-849a-634766e6e12a	6badb11a8bf9e690bb4532d9506f3943	2478241413	['*']	['/open']	s3://nci-crdc-data-bucket-prod/1bb2565c-09cb-4430-b691-bfb3aaf140b2/ERR14102117_1.fastq.gz
dg.4DFC/46c7544c-b04e-5ad0-942e-3442d56b711e	8c51a4966f717005a07f80778240eabd	5414568894	['*']	['/open']	s3://nci-crdc-data-bucket-prod/1bb2565c-09cb-4430-b691-bfb3aaf140b2/ERR14099692_1.fastq.gz
dg.4DFC/46ef10db-1350-5ef9-a621-81da82a87ef7	3d606644b12a42b3e68e812ec2b1e48a	3526389545	['*']	['/open']	s3://nci-crdc-data-bucket-prod/1bb2565c-09cb-4430-b691-bfb3aaf140b2/ERR14098078_2.fastq.gz
dg.4DFC/472b58e8-592a-5e0a-a99e-5f3f30dc204e	9beb105ca1b5b18d6fc0fbd84f993b1c	5385892301	['*']	['/open']	s3://nci-crdc-data-bucket-prod/1bb2565c-09cb-4430-b691-bfb3aaf140b2/ERR14102937_1.fastq.gz
dg.4DFC/4732219b-e57f-5cca-8da1-a268f385618b	1b4dbc06d7db6aece7e901812115a26d	13149261910	['*']	['/open']	s3://nci-crdc-data-bucket-prod/1bb2565c-09cb-4430-b691-bfb3aaf140b2/ERR14102958_2.fastq.gz
dg.4DFC/4767fb2e-0124-5f07-9ecd-c5a81aba8246	3008a9fef436ce4b3479156c0b86a77d	6202172658	['*']	['/open']	s3://nci-crdc-data-bucket-prod/1bb2565c-09cb-4430-b691-bfb3aaf140b2/ERR14102141_2.fastq.gz
dg.4DFC/47798dd2-9a44-5239-afe2-3c44c6971a7f	2a9ae324d1dd9dca312b286e933574be	3168554213	['*']	['/open']	s3://nci-crdc-data-bucket-prod/1bb2565c-09cb-4430-b691-bfb3aaf140b2/ERR14096183_2.fastq.gz
dg.4DFC/478431a1-dd1f-57b8-8be8-0b76eefa6b34	1af76137f94a69470ad64a5f1014865f	5725842988	['*']	['/open']	s3://nci-crdc-data-bucket-prod/1bb2565c-09cb-4430-b691-bfb3aaf140b2/ERR14102955_1.fastq.gz
dg.4DFC/47875e35-806c-5de4-b94f-86f5e9206fe0	17c1fc74b64f84343e003e5ca3ecbecc	5502309421	['*']	['/open']	s3://nci-crdc-data-bucket-prod/1bb2565c-09cb-4430-b691-bfb3aaf140b2/ERR14102885_2.fastq.gz
dg.4DFC/47a167e3-acf8-56bc-96f1-a9e8121b3cdd	c25c38be526abc35116b615e4a3be616	4208621315	['*']	['/open']	s3://nci-crdc-data-bucket-prod/1bb2565c-09cb-4430-b691-bfb3aaf140b2/ERR14102054_2.fastq.gz
dg.4DFC/47dbfd15-5fb9-5130-b5e3-8ee3e62f187d	114c2f2462b1f32fe610dc9b2b22c180	3440531430	['*']	['/open']	s3://nci-crdc-data-bucket-prod/1bb2565c-09cb-4430-b691-bfb3aaf140b2/ERR14098057_2.fastq.gz
dg.4DFC/487c801b-6bff-5f55-a70f-2d0f7fb9c1c8	66ecc7e0496ad6b5d4c591736019ffc6	5057891599	['*']	['/open']	s3://nci-crdc-data-bucket-prod/1bb2565c-09cb-4430-b691-bfb3aaf140b2/ERR14102129_1.fastq.gz
dg.4DFC/488fefa7-de33-503c-8662-8d332d4030bc	1f7f7308a593c6e884d72b7098754989	3256410699	['*']	['/open']	s3://nci-crdc-data-bucket-prod/1bb2565c-09cb-4430-b691-bfb3aaf140b2/ERR14096164_1.fastq.gz
dg.4DFC/489e2d82-b7c2-58c3-b368-a5bca92c16db	4df3d4d72712cc3f4033cf92b5260842	5661157117	['*']	['/open']	s3://nci-crdc-data-bucket-prod/1bb2565c-09cb-4430-b691-bfb3aaf140b2/ERR14102052_2.fastq.gz
dg.4DFC/48da79de-e286-5057-8174-cb8c690c4e13	55d8721e6c9a08588852587a6bc3f393	4179610439	['*']	['/open']	s3://nci-crdc-data-bucket-prod/1bb2565c-09cb-4430-b691-bfb3aaf140b2/ERR14096170_2.fastq.gz
dg.4DFC/4939dfc9-61be-50f1-a0d6-071b53b5887a	da0c33679b4969ce5c7bec3ce4afad6f	5311220460	['*']	['/open']	s3://nci-crdc-data-bucket-prod/1bb2565c-09cb-4430-b691-bfb3aaf140b2/ERR14103093_1.fastq.gz
dg.4DFC/49f474c3-8f2b-5a66-9f1c-6a5d7593dbd1	37ec50e3aa0b3fd9773093aa66941046	5964610520	['*']	['/open']	s3://nci-crdc-data-bucket-prod/1bb2565c-09cb-4430-b691-bfb3aaf140b2/ERR14102016_1.fastq.gz
dg.4DFC/4a53f5e4-dda1-54ac-98d9-aacad582e4a9	56600dc56db93c18fe677eb21f124519	7097942370	['*']	['/open']	s3://nci-crdc-data-bucket-prod/1bb2565c-09cb-4430-b691-bfb3aaf140b2/ERR14098085_2.fastq.gz
dg.4DFC/4a7cda6e-8b7c-5df7-86cc-d395788ed141	6770901d0527c832286707e02e485f5e	3370295649	['*']	['/open']	s3://nci-crdc-data-bucket-prod/1bb2565c-09cb-4430-b691-bfb3aaf140b2/ERR14096178_2.fastq.gz
dg.4DFC/4aac48c7-1e44-5c93-bfb1-6e7f68dfea60	c52178f8a4fb7eac277980e7d5544bfc	6831454253	['*']	['/open']	s3://nci-crdc-data-bucket-prod/1bb2565c-09cb-4430-b691-bfb3aaf140b2/ERR14098084_2.fastq.gz
dg.4DFC/4ada78e2-87d3-5d9d-a159-2271148d59da	0e8d0269f0dc2acceb96aaadf5f64f6f	5029135808	['*']	['/open']	s3://nci-crdc-data-bucket-prod/1bb2565c-09cb-4430-b691-bfb3aaf140b2/ERR14098067_2.fastq.gz
dg.4DFC/4b1237cd-2b0b-5602-80eb-50e3cda785e3	6102a1d9612697c26a47832165bcaa09	5400218590	['*']	['/open']	s3://nci-crdc-data-bucket-prod/1bb2565c-09cb-4430-b691-bfb3aaf140b2/ERR14099671_1.fastq.gz
dg.4DFC/4b775190-b2f7-5d11-95f1-0431fd242f09	284de65963cc7147ede85ec9dd4985b0	5755701509	['*']	['/open']	s3://nci-crdc-data-bucket-prod/1bb2565c-09cb-4430-b691-bfb3aaf140b2/ERR14098087_1.fastq.gz
dg.4DFC/4bee88b6-9efa-502d-9ff0-580d93d7ba05	db4ef6dc6bbed7675cae7c6412c7cc34	6336729498	['*']	['/open']	s3://nci-crdc-data-bucket-prod/1bb2565c-09cb-4430-b691-bfb3aaf140b2/ERR14102041_2.fastq.gz
dg.4DFC/4bfd9340-13d0-503b-b1a4-3675b8c47bfd	a4d0d8578ce6487096c647e557642bca	4642378738	['*']	['/open']	s3://nci-crdc-data-bucket-prod/1bb2565c-09cb-4430-b691-bfb3aaf140b2/ERR14098068_1.fastq.gz
dg.4DFC/4c5b83db-13c3-5176-b24f-a09c801588bc	844d6710a5a6ed95520ad92b48704ec8	6172234408	['*']	['/open']	s3://nci-crdc-data-bucket-prod/1bb2565c-09cb-4430-b691-bfb3aaf140b2/ERR14102028_1.fastq.gz
dg.4DFC/4c8191d5-be37-5530-8faf-23e67b9a5b7a	af8d1fe815ed9f85efc90988993e04ab	4437026524	['*']	['/open']	s3://nci-crdc-data-bucket-prod/1bb2565c-09cb-4430-b691-bfb3aaf140b2/ERR14103079_1.fastq.gz
dg.4DFC/4d115824-b096-551e-85ae-314a90901ad8	2a1cbea68c5c34a35da210973fb8bbe7	5427218234	['*']	['/open']	s3://nci-crdc-data-bucket-prod/1bb2565c-09cb-4430-b691-bfb3aaf140b2/ERR14102918_1.fastq.gz
dg.4DFC/4e1e8d6c-bf53-501f-8d9f-2d1fcd761efe	3a8780b43db39fa939382646afc387ec	6082393979	['*']	['/open']	s3://nci-crdc-data-bucket-prod/1bb2565c-09cb-4430-b691-bfb3aaf140b2/ERR14102900_2.fastq.gz
dg.4DFC/4e2d842c-a432-5695-be33-2a04cbc0894e	3de6923ec7ff42ea2ba40281689fe440	3788331889	['*']	['/open']	s3://nci-crdc-data-bucket-prod/1bb2565c-09cb-4430-b691-bfb3aaf140b2/ERR14099687_2.fastq.gz
dg.4DFC/4f06be93-160c-58a1-9cdd-af61bfe16769	3b745def36478141a945f116907304ae	5641030954	['*']	['/open']	s3://nci-crdc-data-bucket-prod/1bb2565c-09cb-4430-b691-bfb3aaf140b2/ERR14102088_1.fastq.gz
dg.4DFC/4fa013e8-ff7a-5ce9-ac95-4f0a2beefbb1	0aa7f4521434300b890f084290c0a0da	2922387718	['*']	['/open']	s3://nci-crdc-data-bucket-prod/1bb2565c-09cb-4430-b691-bfb3aaf140b2/ERR14096172_1.fastq.gz
dg.4DFC/4fbccc19-00bb-5906-9193-4700337fc335	2060bf7e1106613c2afe1c36bfaa4c56	7882290022	['*']	['/open']	s3://nci-crdc-data-bucket-prod/1bb2565c-09cb-4430-b691-bfb3aaf140b2/ERR14102124_2.fastq.gz
dg.4DFC/50254839-4516-5e5f-87ba-608d5f3605be	255a1cc7b43d3ef201d49b0dd8179ecf	4241036803	['*']	['/open']	s3://nci-crdc-data-bucket-prod/1bb2565c-09cb-4430-b691-bfb3aaf140b2/ERR14096169_2.fastq.gz
dg.4DFC/508014a9-4cd4-5cbb-b6ae-f9c0f9b1ae30	2bb3d403010c6c087ca1be2593abf322	8563297272	['*']	['/open']	s3://nci-crdc-data-bucket-prod/1bb2565c-09cb-4430-b691-bfb3aaf140b2/ERR14102109_2.fastq.gz
dg.4DFC/508f8b53-8549-5efd-896a-704e8f733ed4	70a0c7435df58366a1c1c1cff4871ea1	5524571206	['*']	['/open']	s3://nci-crdc-data-bucket-prod/1bb2565c-09cb-4430-b691-bfb3aaf140b2/ERR14102912_2.fastq.gz
dg.4DFC/50c82270-6106-5355-943f-42e15e01b91d	f869d90ca829ad0701b244d70ce9fba6	7397847638	['*']	['/open']	s3://nci-crdc-data-bucket-prod/1bb2565c-09cb-4430-b691-bfb3aaf140b2/ERR14102124_1.fastq.gz
dg.4DFC/51346ad6-34da-5950-b6dd-8470b2c66548	6ef6f6b59750f09384220db9f5f29033	4713991231	['*']	['/open']	s3://nci-crdc-data-bucket-prod/1bb2565c-09cb-4430-b691-bfb3aaf140b2/ERR14098069_1.fastq.gz
dg.4DFC/513c29fa-2119-4e97-b0d0-de2570cbdfaf	fddd4a380d57d5ab4fde733e1c8d9db3	29808	['*']	['/open']	s3://nci-crdc-data-bucket-prod/1bb2565c-09cb-4430-b691-bfb3aaf140b2/07-T-TAK-LN-D.RCC
dg.4DFC/5147aef1-0577-5ca9-bb0d-aa08bf4e160e	bb167a9a1075c85a208c7fd93f4094b1	8356695496	['*']	['/open']	s3://nci-crdc-data-bucket-prod/1bb2565c-09cb-4430-b691-bfb3aaf140b2/ERR14099677_1.fastq.gz
dg.4DFC/514a3d1f-fa88-54fc-a89d-d45416c2cee3	c0abd57fa452b5aac95f53cf9df896d3	6000620423	['*']	['/open']	s3://nci-crdc-data-bucket-prod/1bb2565c-09cb-4430-b691-bfb3aaf140b2/ERR14102009_2.fastq.gz
dg.4DFC/5151842b-62f8-5eda-92ab-854d7b4678b4	a84205765aead96d7f1b440fab28319f	5378374200	['*']	['/open']	s3://nci-crdc-data-bucket-prod/1bb2565c-09cb-4430-b691-bfb3aaf140b2/ERR14102075_1.fastq.gz
dg.4DFC/5157788d-5f0d-5b52-8358-fb8d546f7f0f	c3d2cb5d65c63bb499ecabd01eed538b	5488077914	['*']	['/open']	s3://nci-crdc-data-bucket-prod/1bb2565c-09cb-4430-b691-bfb3aaf140b2/ERR14102076_2.fastq.gz
dg.4DFC/515f5b41-3e2b-5f82-ade1-281d820c846e	ac99cf45f14fcd0721598dcaae2c77ba	4390394538	['*']	['/open']	s3://nci-crdc-data-bucket-prod/1bb2565c-09cb-4430-b691-bfb3aaf140b2/ERR14099636_2.fastq.gz
dg.4DFC/51678f3a-ff70-51f2-9563-f1112cffd624	a086ac4eefb14e0645507f1d216b0904	4725038937	['*']	['/open']	s3://nci-crdc-data-bucket-prod/1bb2565c-09cb-4430-b691-bfb3aaf140b2/ERR14098056_2.fastq.gz
dg.4DFC/51a5c92c-517e-58b6-9a4b-ffde672b4534	436446cee42e9024dbaf121cef680ce8	1984201933	['*']	['/open']	s3://nci-crdc-data-bucket-prod/1bb2565c-09cb-4430-b691-bfb3aaf140b2/ERR14096162_1.fastq.gz
dg.4DFC/5210cbdb-0858-56a1-a402-63be30520f9f	4e6406d9f17134869f31882bc48f4865	4847066173	['*']	['/open']	s3://nci-crdc-data-bucket-prod/1bb2565c-09cb-4430-b691-bfb3aaf140b2/ERR14102915_2.fastq.gz
dg.4DFC/52111722-9552-5ef0-bfb3-acf0d825968a	c092ae6918a2d082fa261d2c766fa0bc	6428749281	['*']	['/open']	s3://nci-crdc-data-bucket-prod/1bb2565c-09cb-4430-b691-bfb3aaf140b2/ERR14102879_1.fastq.gz
dg.4DFC/52186c33-d864-525a-a256-46117e37614d	f2be3378da992caaee2a5760a10b62ef	6074888385	['*']	['/open']	s3://nci-crdc-data-bucket-prod/1bb2565c-09cb-4430-b691-bfb3aaf140b2/ERR14102898_2.fastq.gz
dg.4DFC/523c97dc-b083-5a85-bc22-f4868c86ba7c	9ce4f518d120c1946003b4f67b2622dd	4944388295	['*']	['/open']	s3://nci-crdc-data-bucket-prod/1bb2565c-09cb-4430-b691-bfb3aaf140b2/ERR14102027_1.fastq.gz
dg.4DFC/52b4b3f9-d236-50a8-bc69-2de740aca0c7	b5aa8086859f82e79b7f52e264327c5f	8099047162	['*']	['/open']	s3://nci-crdc-data-bucket-prod/1bb2565c-09cb-4430-b691-bfb3aaf140b2/ERR14101990_2.fastq.gz
dg.4DFC/52b84e5c-16fd-511c-928f-ac95bd9609ad	357e019248e46ef82cca636c6a707c06	4145283092	['*']	['/open']	s3://nci-crdc-data-bucket-prod/1bb2565c-09cb-4430-b691-bfb3aaf140b2/ERR14099663_1.fastq.gz
dg.4DFC/533dca82-6c62-5872-b053-ff113970aa91	410b4b3d6f860981de9792c85b32143b	2680574623	['*']	['/open']	s3://nci-crdc-data-bucket-prod/1bb2565c-09cb-4430-b691-bfb3aaf140b2/ERR14096159_1.fastq.gz
dg.4DFC/53c1fce3-c6fa-534e-abc2-0706ef30f806	c131555f65c2a9a7dd9ea998d4aedf37	5497116201	['*']	['/open']	s3://nci-crdc-data-bucket-prod/1bb2565c-09cb-4430-b691-bfb3aaf140b2/ERR14102950_1.fastq.gz
dg.4DFC/550a0f6e-4697-5254-b653-780392a338ce	466d65e9235f9f757823da67f5631174	7865747644	['*']	['/open']	s3://nci-crdc-data-bucket-prod/1bb2565c-09cb-4430-b691-bfb3aaf140b2/ERR14101986_1.fastq.gz
dg.4DFC/55ae9410-91c4-5d0b-ba43-3ce88da1b9df	d5afa98ab86c0782e1f875ca5a65615a	5085502141	['*']	['/open']	s3://nci-crdc-data-bucket-prod/1bb2565c-09cb-4430-b691-bfb3aaf140b2/ERR14102113_2.fastq.gz
dg.4DFC/55d68f28-e1ab-5c51-9661-79fe2464993c	5735fdbec48cb2789d8384e4b0ecb7cd	4045596771	['*']	['/open']	s3://nci-crdc-data-bucket-prod/1bb2565c-09cb-4430-b691-bfb3aaf140b2/ERR14099635_1.fastq.gz
dg.4DFC/5675c5be-855d-5f8b-b9dc-71e29b2f605f	ab86a6df83b09da57e289c335759b7e0	18988491498	['*']	['/open']	s3://nci-crdc-data-bucket-prod/1bb2565c-09cb-4430-b691-bfb3aaf140b2/ERR14099631_1.fastq.gz
dg.4DFC/56fce2ae-16d3-56d2-ae0e-5dc0d7785651	a7b46fac7eb9e9446ef071036eee2fac	5826068965	['*']	['/open']	s3://nci-crdc-data-bucket-prod/1bb2565c-09cb-4430-b691-bfb3aaf140b2/ERR14101999_1.fastq.gz
dg.4DFC/57740c54-3091-5a6f-bf9d-470d1807129f	1cd0d8d36f57cf2f673ae7c85b578fd0	3444068746	['*']	['/open']	s3://nci-crdc-data-bucket-prod/1bb2565c-09cb-4430-b691-bfb3aaf140b2/ERR14102078_1.fastq.gz
dg.4DFC/57ac381d-2cc9-51be-b45b-11657df04606	2e4f5603f0063ae945cdcf314a85072c	7190074906	['*']	['/open']	s3://nci-crdc-data-bucket-prod/1bb2565c-09cb-4430-b691-bfb3aaf140b2/ERR14102882_2.fastq.gz
dg.4DFC/5818de42-a044-59bb-b8d5-f50f19f2ccd9	c10345db7667c96903b7c92491c1312b	6160470429	['*']	['/open']	s3://nci-crdc-data-bucket-prod/1bb2565c-09cb-4430-b691-bfb3aaf140b2/ERR14102011_2.fastq.gz
dg.4DFC/584c7812-f697-4688-a999-da1df7d3af12	3b96e28a328c70f8c7d7ff92c80b71ac	29411	['*']	['/open']	s3://nci-crdc-data-bucket-prod/1bb2565c-09cb-4430-b691-bfb3aaf140b2/03-T-DOXRV1001-LN-D.RCC
dg.4DFC/5873ecd3-8271-5e30-a499-2dec72ef97f9	327bbb56215d1d9c2cc629817453b566	4490361296	['*']	['/open']	s3://nci-crdc-data-bucket-prod/1bb2565c-09cb-4430-b691-bfb3aaf140b2/ERR14102980_1.fastq.gz
dg.4DFC/58c4fde6-0251-58c1-9228-9bfbc118340b	11ebfef63d450d5ef43b93ca602458f7	3308860386	['*']	['/open']	s3://nci-crdc-data-bucket-prod/1bb2565c-09cb-4430-b691-bfb3aaf140b2/ERR14096163_2.fastq.gz
dg.4DFC/58e5a939-758c-5938-9eda-f6d8d519ac70	7c6246a5f155cb0674c589392e38389b	5968545763	['*']	['/open']	s3://nci-crdc-data-bucket-prod/1bb2565c-09cb-4430-b691-bfb3aaf140b2/ERR14102890_2.fastq.gz
dg.4DFC/591234db-7a98-5312-81c6-27c759cc2cc2	1d2aa8eaa84ac56892fb48ef6de5a29d	7973576486	['*']	['/open']	s3://nci-crdc-data-bucket-prod/1bb2565c-09cb-4430-b691-bfb3aaf140b2/ERR14102098_2.fastq.gz
dg.4DFC/595993a5-2cae-5681-a207-fd7f63c7c3f0	cbf9588597e2f4e744c1ceea7bad9e7e	6833144405	['*']	['/open']	s3://nci-crdc-data-bucket-prod/1bb2565c-09cb-4430-b691-bfb3aaf140b2/ERR14102934_1.fastq.gz
dg.4DFC/596ae3a1-ed83-59b0-9d42-67ca30c591d7	4c0f4dc2341012e25ed4ec46220536f6	7752620708	['*']	['/open']	s3://nci-crdc-data-bucket-prod/1bb2565c-09cb-4430-b691-bfb3aaf140b2/ERR14099680_1.fastq.gz
dg.4DFC/597194db-9dcb-5ed7-9bed-1ae4347dd08c	46b7beec5c573275f33a27724b5b3817	7492952133	['*']	['/open']	s3://nci-crdc-data-bucket-prod/1bb2565c-09cb-4430-b691-bfb3aaf140b2/ERR14102974_2.fastq.gz
dg.4DFC/5986d889-b1f9-58e3-93f3-3585bbf21672	7be87209c604011a9775f76e6d44e1fe	23615092157	['*']	['/open']	s3://nci-crdc-data-bucket-prod/1bb2565c-09cb-4430-b691-bfb3aaf140b2/ERR14099614_1.fastq.gz
dg.4DFC/59cbf329-8b4f-5060-b2d3-6973090cde61	466430579582b0d03f7a93b0ccbc0178	5420369317	['*']	['/open']	s3://nci-crdc-data-bucket-prod/1bb2565c-09cb-4430-b691-bfb3aaf140b2/ERR14102087_1.fastq.gz
dg.4DFC/5a2aca4a-947d-5e03-a569-d9ff180af199	5804d1e0660d178f18e59103f65e7f19	5649833718	['*']	['/open']	s3://nci-crdc-data-bucket-prod/1bb2565c-09cb-4430-b691-bfb3aaf140b2/ERR14102094_1.fastq.gz
dg.4DFC/5a2dc8af-41af-56c8-b8f0-9e5df0848dc7	268f7ab3e083572b798fad9890f9b1b9	7344229052	['*']	['/open']	s3://nci-crdc-data-bucket-prod/1bb2565c-09cb-4430-b691-bfb3aaf140b2/ERR14102073_1.fastq.gz
dg.4DFC/5ac41c47-7380-51ae-9a28-4f379f8527c6	ace08131756fa8b26dd0e085081b042d	7212736351	['*']	['/open']	s3://nci-crdc-data-bucket-prod/1bb2565c-09cb-4430-b691-bfb3aaf140b2/ERR14099669_1.fastq.gz
dg.4DFC/5afd9927-dc23-506d-9fa4-d66bb142f09d	c48686bdc32901746cb40c87b447ded8	4936851662	['*']	['/open']	s3://nci-crdc-data-bucket-prod/1bb2565c-09cb-4430-b691-bfb3aaf140b2/ERR14098072_1.fastq.gz
dg.4DFC/5bb965bc-50f8-5cee-9845-cb85e83fd2ac	753337ca7e8615179b54c0e7e4a8dd27	7112462952	['*']	['/open']	s3://nci-crdc-data-bucket-prod/1bb2565c-09cb-4430-b691-bfb3aaf140b2/ERR14102935_2.fastq.gz
dg.4DFC/5bf9fb10-e1a9-594c-92f7-2820ce8f828c	295da6d6c37f683a704bdf3b52bab8be	7708262070	['*']	['/open']	s3://nci-crdc-data-bucket-prod/1bb2565c-09cb-4430-b691-bfb3aaf140b2/ERR14102137_1.fastq.gz
dg.4DFC/5c157d98-1df2-51e3-80d6-4de4275449d8	6d31d6275e6580098418d962b12ff33c	5607359942	['*']	['/open']	s3://nci-crdc-data-bucket-prod/1bb2565c-09cb-4430-b691-bfb3aaf140b2/ERR14102978_2.fastq.gz
dg.4DFC/5c66e5e5-4ade-5c18-8522-d42d162c3335	74f27e0a1dad0510f1918e42302c2663	4940338564	['*']	['/open']	s3://nci-crdc-data-bucket-prod/1bb2565c-09cb-4430-b691-bfb3aaf140b2/ERR14102902_1.fastq.gz
dg.4DFC/5c83a8d4-6708-561d-b79c-eee5aba168b6	da00657ec83bd206e3849deea5647b2e	6833746493	['*']	['/open']	s3://nci-crdc-data-bucket-prod/1bb2565c-09cb-4430-b691-bfb3aaf140b2/ERR14102883_1.fastq.gz
dg.4DFC/5cd6f109-8538-59da-867b-7ba9a078e89e	1151ab672bac0f70c645c437ad7790ab	6846325446	['*']	['/open']	s3://nci-crdc-data-bucket-prod/1bb2565c-09cb-4430-b691-bfb3aaf140b2/ERR14098091_2.fastq.gz
dg.4DFC/5cdb861f-0cef-564c-9f80-b74acd622132	8007af92d310b76867ca5c91393f0033	24410370143	['*']	['/open']	s3://nci-crdc-data-bucket-prod/1bb2565c-09cb-4430-b691-bfb3aaf140b2/ERR14099616_2.fastq.gz
dg.4DFC/5cf71558-4299-50df-8065-25d6573db33a	3380cc51fe1ab4d31fa570e22cc81993	4240868408	['*']	['/open']	s3://nci-crdc-data-bucket-prod/1bb2565c-09cb-4430-b691-bfb3aaf140b2/ERR14102050_2.fastq.gz
dg.4DFC/5d00de01-2a64-594d-b26e-20859a510e41	6cd64bf76c06be92d726338a4ad4060d	5253316934	['*']	['/open']	s3://nci-crdc-data-bucket-prod/1bb2565c-09cb-4430-b691-bfb3aaf140b2/ERR14102976_1.fastq.gz
dg.4DFC/5dfc553c-1e58-518d-a92d-a5b72a93264c	f94b4e719f9df0c646d96f883eb21a0a	6450029976	['*']	['/open']	s3://nci-crdc-data-bucket-prod/1bb2565c-09cb-4430-b691-bfb3aaf140b2/ERR14102894_1.fastq.gz
dg.4DFC/5e6609fa-9509-5f6b-ae27-eb982cd0da0a	688cfdd80b5bd36d965208a5c92c346c	7486214119	['*']	['/open']	s3://nci-crdc-data-bucket-prod/1bb2565c-09cb-4430-b691-bfb3aaf140b2/ERR14102959_1.fastq.gz
dg.4DFC/5e9d3ffe-f14e-53f7-be1f-a7a59bcae06b	a48891c65975d1b3517e803e6fd85eb9	3057353823	['*']	['/open']	s3://nci-crdc-data-bucket-prod/1bb2565c-09cb-4430-b691-bfb3aaf140b2/ERR14096172_2.fastq.gz
dg.4DFC/5efa9d2a-4cda-5d2a-a7aa-e885f4792a0e	0ef71b40129b60fa62a260dfd00c3816	5382413388	['*']	['/open']	s3://nci-crdc-data-bucket-prod/1bb2565c-09cb-4430-b691-bfb3aaf140b2/ERR14102917_1.fastq.gz
dg.4DFC/5f05018a-730a-54a0-adda-71c98a0d4031	93ae8ea4a0b771052f207a364e98a953	6873831025	['*']	['/open']	s3://nci-crdc-data-bucket-prod/1bb2565c-09cb-4430-b691-bfb3aaf140b2/ERR14102033_1.fastq.gz
dg.4DFC/5f20e17c-1f5c-5e45-ba1d-7f8d8d6797ad	80d0d28d9c03dd162d336ec2968bc37e	2941563402	['*']	['/open']	s3://nci-crdc-data-bucket-prod/1bb2565c-09cb-4430-b691-bfb3aaf140b2/ERR14096199_1.fastq.gz
dg.4DFC/60471912-3989-555a-afe5-dc824bdee6c7	0f317a8ed15f91e278ee514c03afa2e7	7046572330	['*']	['/open']	s3://nci-crdc-data-bucket-prod/1bb2565c-09cb-4430-b691-bfb3aaf140b2/ERR14099668_1.fastq.gz
dg.4DFC/605b52d7-2e0c-5bf0-9d50-6f604e1cf22a	9ba1c893366005ec8dd2ffbf4b749c16	5406425997	['*']	['/open']	s3://nci-crdc-data-bucket-prod/1bb2565c-09cb-4430-b691-bfb3aaf140b2/ERR14099659_2.fastq.gz
dg.4DFC/606431d2-76a3-5556-9327-5a705843dae3	a13170b829805616a7500b1994270349	3310481289	['*']	['/open']	s3://nci-crdc-data-bucket-prod/1bb2565c-09cb-4430-b691-bfb3aaf140b2/ERR14102966_1.fastq.gz
dg.4DFC/60c9a8fd-4150-58ef-97c6-b380b9ae9a61	a569914ddebb9d16385b5b01f90e1a7c	6328925217	['*']	['/open']	s3://nci-crdc-data-bucket-prod/1bb2565c-09cb-4430-b691-bfb3aaf140b2/ERR14098087_2.fastq.gz
dg.4DFC/60e4bd95-e7ed-5acd-97fc-009919bfd1ac	5edc3cbbb2b61165f1610289fa364ff2	6905275358	['*']	['/open']	s3://nci-crdc-data-bucket-prod/1bb2565c-09cb-4430-b691-bfb3aaf140b2/ERR14103099_1.fastq.gz
dg.4DFC/60f6e539-08cd-5533-80a3-9c29626e321a	fc0a5192a85a5640766d00a37a7a242f	2122999554	['*']	['/open']	s3://nci-crdc-data-bucket-prod/1bb2565c-09cb-4430-b691-bfb3aaf140b2/ERR14096157_1.fastq.gz
dg.4DFC/60f72fed-bbc7-57b8-a8f9-08811e4f3ef0	8d632ba1212262c02a387112f3afa0d0	20260030580	['*']	['/open']	s3://nci-crdc-data-bucket-prod/1bb2565c-09cb-4430-b691-bfb3aaf140b2/ERR14099632_2.fastq.gz
dg.4DFC/6127fc5d-d459-57b6-8cdb-b58252356322	9c2c8e789e19ba6c0c9b635a3d0f2d69	7299185547	['*']	['/open']	s3://nci-crdc-data-bucket-prod/1bb2565c-09cb-4430-b691-bfb3aaf140b2/ERR14102033_2.fastq.gz
dg.4DFC/61451f3a-020e-5423-aad7-804506cbe732	86e32db892921cf5d4bc02fb078bbb1f	5032214233	['*']	['/open']	s3://nci-crdc-data-bucket-prod/1bb2565c-09cb-4430-b691-bfb3aaf140b2/ERR14098074_2.fastq.gz
dg.4DFC/615df80a-437d-53ec-825e-a53bc6c0c75b	a3a6a5eef6e86e4ac5316a05a79cb099	4401028116	['*']	['/open']	s3://nci-crdc-data-bucket-prod/1bb2565c-09cb-4430-b691-bfb3aaf140b2/ERR14102048_1.fastq.gz
dg.4DFC/6173cae5-4aa6-53e5-aa7d-98ade38c222b	7b30b2af12de6f889d247b30907526ab	7482900773	['*']	['/open']	s3://nci-crdc-data-bucket-prod/1bb2565c-09cb-4430-b691-bfb3aaf140b2/ERR14102920_2.fastq.gz
dg.4DFC/61f5f1fd-bc80-5693-9aca-ac78b0f786ef	9f719e32bc3a7bb14100dd04c0db802a	3268525382	['*']	['/open']	s3://nci-crdc-data-bucket-prod/1bb2565c-09cb-4430-b691-bfb3aaf140b2/ERR14096153_2.fastq.gz
dg.4DFC/622a5eb1-d9de-490e-aaf7-e2c3317e091d	ed837f14cb044dcea600dc870cb0b7d9	29701	['*']	['/open']	s3://nci-crdc-data-bucket-prod/1bb2565c-09cb-4430-b691-bfb3aaf140b2/02-T-KPT9274-LN-A.RCC
dg.4DFC/626e60ac-acac-5acd-a1ad-ba276c7eba7e	31b8318f563cb05c0abfd69456ff672a	8739234025	['*']	['/open']	s3://nci-crdc-data-bucket-prod/1bb2565c-09cb-4430-b691-bfb3aaf140b2/ERR14102007_1.fastq.gz
dg.4DFC/62e10ad7-651d-57ce-92a8-3f137d153165	c2a82c59ee1a79365b05370838c24e8d	3143154194	['*']	['/open']	s3://nci-crdc-data-bucket-prod/1bb2565c-09cb-4430-b691-bfb3aaf140b2/ERR14102940_1.fastq.gz
dg.4DFC/636c75f6-1ce6-5a79-9961-b323b05ab691	d7b156158d153e99d427f09097bf9989	5940034288	['*']	['/open']	s3://nci-crdc-data-bucket-prod/1bb2565c-09cb-4430-b691-bfb3aaf140b2/ERR14098108_2.fastq.gz
dg.4DFC/63762680-e2f2-5cfd-b005-2747e85ef4ea	07f53f3ddfa56408d84c85dfe8cc4930	3285521272	['*']	['/open']	s3://nci-crdc-data-bucket-prod/1bb2565c-09cb-4430-b691-bfb3aaf140b2/ERR14096179_1.fastq.gz
dg.4DFC/649810e5-c133-5fa9-bd3c-bc6f8612f859	478f3dcd89a251f6dd0da493b133f645	7333710702	['*']	['/open']	s3://nci-crdc-data-bucket-prod/1bb2565c-09cb-4430-b691-bfb3aaf140b2/ERR14103099_2.fastq.gz
dg.4DFC/64f40219-d797-4a58-aae4-c0509fc390b7	433d1b7ddd107b4e5b90ecc359bef767	29581	['*']	['/open']	s3://nci-crdc-data-bucket-prod/1bb2565c-09cb-4430-b691-bfb3aaf140b2/03-T-DOXRV-LN-A.RCC
dg.4DFC/6521b95f-cf6c-58ec-826b-1e83b56b1861	d3509d35cd80bff43f53f8aa0f9fc2e5	5669589585	['*']	['/open']	s3://nci-crdc-data-bucket-prod/1bb2565c-09cb-4430-b691-bfb3aaf140b2/ERR14102919_2.fastq.gz
dg.4DFC/6532fc90-10a9-5360-a740-16acbdcd97ee	d0dc22ea7d22936f3366ac3c0437e140	5045576759	['*']	['/open']	s3://nci-crdc-data-bucket-prod/1bb2565c-09cb-4430-b691-bfb3aaf140b2/ERR14102114_1.fastq.gz
dg.4DFC/656688ef-60a3-5460-b456-ff67e1932639	67828564f3faca4c9aff68b97f68b44b	2100585592	['*']	['/open']	s3://nci-crdc-data-bucket-prod/1bb2565c-09cb-4430-b691-bfb3aaf140b2/ERR14096162_2.fastq.gz
dg.4DFC/65a3c450-a7df-59d9-8784-efa74d8a6d2d	a3d81e75212e343a1694af0f481ae7ae	5941406351	['*']	['/open']	s3://nci-crdc-data-bucket-prod/1bb2565c-09cb-4430-b691-bfb3aaf140b2/ERR14102983_2.fastq.gz
dg.4DFC/66920a4a-6dd5-5b38-953c-8fdf5efcaebe	4f1acc70804925bc234083dc702cce6d	5494337050	['*']	['/open']	s3://nci-crdc-data-bucket-prod/1bb2565c-09cb-4430-b691-bfb3aaf140b2/ERR14102944_1.fastq.gz
dg.4DFC/66a2f730-bd98-52a0-ac49-7e11c5e34587	b6cfa5337d2c5ff7971eccdf50d488f4	6416098993	['*']	['/open']	s3://nci-crdc-data-bucket-prod/1bb2565c-09cb-4430-b691-bfb3aaf140b2/ERR14102150_1.fastq.gz
dg.4DFC/66e4f6e4-ce61-5d27-adb7-02aa14c3e17a	4835213c4e630a9159e39208abd8a886	5926800125	['*']	['/open']	s3://nci-crdc-data-bucket-prod/1bb2565c-09cb-4430-b691-bfb3aaf140b2/ERR14102090_2.fastq.gz
dg.4DFC/66ecfbd5-5ee1-5e5a-b66c-aa0dcbe53c2f	f406d89b71df5a641b35de3a836169e9	2458135367	['*']	['/open']	s3://nci-crdc-data-bucket-prod/1bb2565c-09cb-4430-b691-bfb3aaf140b2/ERR14096192_2.fastq.gz
dg.4DFC/671e93bf-799f-5b2c-a40d-5a28c7819a93	f9f930699d5d82b18308dda6bfd21bc8	3537774401	['*']	['/open']	s3://nci-crdc-data-bucket-prod/1bb2565c-09cb-4430-b691-bfb3aaf140b2/ERR14098077_2.fastq.gz
dg.4DFC/6779021e-6968-562f-9473-110537cbf370	d0517d8a797f020631cf66f51ed98dfe	6236389038	['*']	['/open']	s3://nci-crdc-data-bucket-prod/1bb2565c-09cb-4430-b691-bfb3aaf140b2/ERR14102025_2.fastq.gz
dg.4DFC/67972f7a-2aa4-5db0-8ff4-7c0278037d5f	01d709fcf767d13f9124a3cf02d08f39	5259194830	['*']	['/open']	s3://nci-crdc-data-bucket-prod/1bb2565c-09cb-4430-b691-bfb3aaf140b2/ERR14102963_1.fastq.gz
dg.4DFC/67d4214c-e907-53ce-bca0-3ae9df70246d	facd9cff0a000726398631bf9e4507dc	8703122523	['*']	['/open']	s3://nci-crdc-data-bucket-prod/1bb2565c-09cb-4430-b691-bfb3aaf140b2/ERR14102005_1.fastq.gz
dg.4DFC/68c0d68e-2d4e-52fb-bfa6-cb408a285ec8	339689e508660ca8ed5562d5d7a50083	3202950168	['*']	['/open']	s3://nci-crdc-data-bucket-prod/1bb2565c-09cb-4430-b691-bfb3aaf140b2/ERR14096184_2.fastq.gz
dg.4DFC/692ef17e-3f31-5126-8810-b5d89a5b95f4	9c44de87ed07e5c8e8296d165a9de3d4	5927284987	['*']	['/open']	s3://nci-crdc-data-bucket-prod/1bb2565c-09cb-4430-b691-bfb3aaf140b2/ERR14102981_2.fastq.gz
dg.4DFC/693d639f-4fd7-55b2-91e8-63fb62af1b9e	2fa1c3999a4229efc838296d657fd4f8	7956077318	['*']	['/open']	s3://nci-crdc-data-bucket-prod/1bb2565c-09cb-4430-b691-bfb3aaf140b2/ERR14102945_2.fastq.gz
dg.4DFC/6a110b0a-e5b9-5a4b-9100-23276e52feb8	9e245bb2bb69bddbb590a64b9d3ccf9e	5007884275	['*']	['/open']	s3://nci-crdc-data-bucket-prod/1bb2565c-09cb-4430-b691-bfb3aaf140b2/ERR14099659_1.fastq.gz
dg.4DFC/6a2e4f8d-9fc5-5f2f-abb6-e5a078210276	810fcbeb3f78ae44afe45b1903bfc840	3403479576	['*']	['/open']	s3://nci-crdc-data-bucket-prod/1bb2565c-09cb-4430-b691-bfb3aaf140b2/ERR14096189_1.fastq.gz
dg.4DFC/6a80d6fa-3c10-5004-a197-fa3725d650d1	be7929e09640c0abbb41d7bfa81df580	5514048727	['*']	['/open']	s3://nci-crdc-data-bucket-prod/1bb2565c-09cb-4430-b691-bfb3aaf140b2/ERR14102132_2.fastq.gz
dg.4DFC/6a92f0c7-21e4-5e5b-83b1-a95c7d687d3f	b9765120a669a2151db9527df8fd1ac3	6102702778	['*']	['/open']	s3://nci-crdc-data-bucket-prod/1bb2565c-09cb-4430-b691-bfb3aaf140b2/ERR14098110_2.fastq.gz
dg.4DFC/6b40aa18-84aa-579c-a484-7e3f4f72be10	31d517750e26109d61e87cc7d7ed5d8c	5812693326	['*']	['/open']	s3://nci-crdc-data-bucket-prod/1bb2565c-09cb-4430-b691-bfb3aaf140b2/ERR14102931_2.fastq.gz
dg.4DFC/6b7e8be2-44b0-5c59-8cc1-26bd0fef1eb3	c9f1165e596f8a7031658f486a3f6c4d	6189033281	['*']	['/open']	s3://nci-crdc-data-bucket-prod/1bb2565c-09cb-4430-b691-bfb3aaf140b2/ERR14102108_1.fastq.gz
dg.4DFC/6caeccbb-71b3-5591-8991-dfbeea5b57d2	579b249ab927150aca4bb2006d7f40fc	5785062482	['*']	['/open']	s3://nci-crdc-data-bucket-prod/1bb2565c-09cb-4430-b691-bfb3aaf140b2/ERR14102943_2.fastq.gz
dg.4DFC/6cc84ae2-2d73-53e6-8d88-9ccc5158a9a4	698ea94f231873a4a12f030f525fdaba	7457427998	['*']	['/open']	s3://nci-crdc-data-bucket-prod/1bb2565c-09cb-4430-b691-bfb3aaf140b2/ERR14102072_1.fastq.gz
dg.4DFC/6d231644-5429-5124-ad7d-432bd7176e81	3df612896e8e00a687bd025e2537bb1a	5501508546	['*']	['/open']	s3://nci-crdc-data-bucket-prod/1bb2565c-09cb-4430-b691-bfb3aaf140b2/ERR14103078_1.fastq.gz
dg.4DFC/6d585c55-3aba-5f85-acf3-bc23853ca72f	79a2eec950d6c5901615975387ed2a21	6049149601	['*']	['/open']	s3://nci-crdc-data-bucket-prod/1bb2565c-09cb-4430-b691-bfb3aaf140b2/ERR14102901_1.fastq.gz
dg.4DFC/6daf0a34-486a-52d9-8f94-86722b46b260	c200eb68307b337f3f3c70a0fa496a90	5439713592	['*']	['/open']	s3://nci-crdc-data-bucket-prod/1bb2565c-09cb-4430-b691-bfb3aaf140b2/ERR14099626_1.fastq.gz
dg.4DFC/6dd836c1-f856-5407-8a7e-96c48d78c22f	84d1fcea79c9cb7253531b4a85e06ecb	5754419369	['*']	['/open']	s3://nci-crdc-data-bucket-prod/1bb2565c-09cb-4430-b691-bfb3aaf140b2/ERR14102969_2.fastq.gz
dg.4DFC/6e48bbdc-1ede-5137-bb39-4f8d948c35ca	fb3a427bb8a8ca112ca7541b1b66af0d	2482127842	['*']	['/open']	s3://nci-crdc-data-bucket-prod/1bb2565c-09cb-4430-b691-bfb3aaf140b2/ERR14096197_2.fastq.gz
dg.4DFC/6ec6efef-566e-50a0-970f-4700e7db56d7	3a69d868183ae273baeef6bbfb896d2b	6193713029	['*']	['/open']	s3://nci-crdc-data-bucket-prod/1bb2565c-09cb-4430-b691-bfb3aaf140b2/ERR14102107_1.fastq.gz
dg.4DFC/6ecbd0cb-4ad0-5c1e-8141-d3044c545029	9dea2343764c9ea868f66fb2a8353dc0	5807581025	['*']	['/open']	s3://nci-crdc-data-bucket-prod/1bb2565c-09cb-4430-b691-bfb3aaf140b2/ERR14098109_1.fastq.gz
dg.4DFC/6edad9d8-e627-58db-864b-cd1ced38cd37	c1f3cbbc450f432347bf50be36a3bde5	5372163219	['*']	['/open']	s3://nci-crdc-data-bucket-prod/1bb2565c-09cb-4430-b691-bfb3aaf140b2/ERR14102930_1.fastq.gz
dg.4DFC/6ee6e9fe-1826-5e96-93e4-f1a59d8541c2	ae6ab4fc0ac1b9fca5102c54e95c4e7d	4869086365	['*']	['/open']	s3://nci-crdc-data-bucket-prod/1bb2565c-09cb-4430-b691-bfb3aaf140b2/ERR14098082_2.fastq.gz
dg.4DFC/6efd0bae-4301-5d73-a935-6a43cd1c613b	4e7c47ddb14a6b040753af88891e973a	4730079030	['*']	['/open']	s3://nci-crdc-data-bucket-prod/1bb2565c-09cb-4430-b691-bfb3aaf140b2/ERR14099681_2.fastq.gz
dg.4DFC/6f083c65-c00f-5318-bcd4-ed19b4eeb77b	be3fe3032d77568f512efe56353043e5	3422757613	['*']	['/open']	s3://nci-crdc-data-bucket-prod/1bb2565c-09cb-4430-b691-bfb3aaf140b2/ERR14102914_1.fastq.gz
dg.4DFC/6f26a38c-24ad-5b03-9a1f-f87433283ea1	a2aa6c493d950671ce3d0808442dc564	7621408012	['*']	['/open']	s3://nci-crdc-data-bucket-prod/1bb2565c-09cb-4430-b691-bfb3aaf140b2/ERR14102021_1.fastq.gz
dg.4DFC/6f30561b-288a-5c9e-a04b-c4b2492476ff	d02ee98805971f3b3ef4daafc89eb444	3178678567	['*']	['/open']	s3://nci-crdc-data-bucket-prod/1bb2565c-09cb-4430-b691-bfb3aaf140b2/ERR14096165_1.fastq.gz
dg.4DFC/6fb08190-ade2-536a-8097-501e963bc557	25873efcb090b69fa0468139ef9bfb17	6407971228	['*']	['/open']	s3://nci-crdc-data-bucket-prod/1bb2565c-09cb-4430-b691-bfb3aaf140b2/ERR14099612_2.fastq.gz
dg.4DFC/70273a93-974a-51d5-a11d-299028b9dbc3	ff434e287122b0a4a7e74810952299c3	2270637997	['*']	['/open']	s3://nci-crdc-data-bucket-prod/1bb2565c-09cb-4430-b691-bfb3aaf140b2/ERR14096202_2.fastq.gz
dg.4DFC/706c6553-2bf5-5a15-855d-08b293d3f5eb	548972dabc3af4af015883b9d551d1c9	7581838811	['*']	['/open']	s3://nci-crdc-data-bucket-prod/1bb2565c-09cb-4430-b691-bfb3aaf140b2/ERR14102973_2.fastq.gz
dg.4DFC/70867abf-d96e-556c-8e6f-5d22fd84cf1a	5720a612b1f0d52b6141e27536888b42	4943405142	['*']	['/open']	s3://nci-crdc-data-bucket-prod/1bb2565c-09cb-4430-b691-bfb3aaf140b2/ERR14102014_1.fastq.gz
dg.4DFC/70a34276-1bfe-55dc-88d4-0944b78a67fa	ee0268470c8b23db4ebbf442e5258f86	7303150067	['*']	['/open']	s3://nci-crdc-data-bucket-prod/1bb2565c-09cb-4430-b691-bfb3aaf140b2/ERR14102032_2.fastq.gz
dg.4DFC/70ccd9ba-f8e7-52cf-a2c9-ed535542360d	06c2ca08e6e711b916903d2b4c4d3568	6946134993	['*']	['/open']	s3://nci-crdc-data-bucket-prod/1bb2565c-09cb-4430-b691-bfb3aaf140b2/ERR14102985_1.fastq.gz
dg.4DFC/70e7c6b0-a259-5368-b82b-0a5c2b385fef	c7671be59cb273fa65ee79e2467ec6f1	12445112202	['*']	['/open']	s3://nci-crdc-data-bucket-prod/1bb2565c-09cb-4430-b691-bfb3aaf140b2/ERR14102958_1.fastq.gz
dg.4DFC/71e137ee-87e2-54a0-90fd-b556da3f3bfd	32825e1fdc37209eace5446ac530b6b2	6552343750	['*']	['/open']	s3://nci-crdc-data-bucket-prod/1bb2565c-09cb-4430-b691-bfb3aaf140b2/ERR14102876_1.fastq.gz
dg.4DFC/72470a97-ebe9-5c3d-9ba8-fcc6d43bb1e7	3c8c876233295f60c7ddd352f119120b	6738298187	['*']	['/open']	s3://nci-crdc-data-bucket-prod/1bb2565c-09cb-4430-b691-bfb3aaf140b2/ERR14098094_2.fastq.gz
dg.4DFC/7262ef77-6aed-4d18-a038-456fa36432a1	5c642261db9a377bba47af1a31651d88	29150	['*']	['/open']	s3://nci-crdc-data-bucket-prod/1bb2565c-09cb-4430-b691-bfb3aaf140b2/03-T-TAK-LN-D.RCC
dg.4DFC/727b36f2-59bc-5b76-b831-f7611fb2b1f4	846ff0ed430353d7e283f7111bba3b64	6098236433	['*']	['/open']	s3://nci-crdc-data-bucket-prod/1bb2565c-09cb-4430-b691-bfb3aaf140b2/ERR14099605_1.fastq.gz
dg.4DFC/73002309-6a08-5311-ae69-140330997eb9	dd61fe06fda2cdb169560f344e3d0c78	6045423437	['*']	['/open']	s3://nci-crdc-data-bucket-prod/1bb2565c-09cb-4430-b691-bfb3aaf140b2/ERR14102095_2.fastq.gz
dg.4DFC/7323d911-d0ab-5c6f-bdd4-831bb444ddd9	d39732e6b4a1e3e1b65fc99497e9f486	4681718927	['*']	['/open']	s3://nci-crdc-data-bucket-prod/1bb2565c-09cb-4430-b691-bfb3aaf140b2/ERR14099684_2.fastq.gz
dg.4DFC/734c3c0c-95ff-5dad-b74c-4c0178795638	723830563b2b874f5181185d3ce9b1c9	6404002151	['*']	['/open']	s3://nci-crdc-data-bucket-prod/1bb2565c-09cb-4430-b691-bfb3aaf140b2/ERR14098102_2.fastq.gz
dg.4DFC/736a95a0-97d8-510c-9bcb-c8df3bca904b	0594bc25e237493f6144a8fdc31f62ad	5676788063	['*']	['/open']	s3://nci-crdc-data-bucket-prod/1bb2565c-09cb-4430-b691-bfb3aaf140b2/ERR14102039_1.fastq.gz
dg.4DFC/73b4dd6d-b955-58f2-9c1c-ab45574b5239	71d692b93bb2f70abb2f8a0598032221	5126756836	['*']	['/open']	s3://nci-crdc-data-bucket-prod/1bb2565c-09cb-4430-b691-bfb3aaf140b2/ERR14102938_1.fastq.gz
dg.4DFC/740e6b4b-72f9-582c-b473-eb1d2094d614	3c91185c34e8f8ae82bd27d79dda8d72	5757000875	['*']	['/open']	s3://nci-crdc-data-bucket-prod/1bb2565c-09cb-4430-b691-bfb3aaf140b2/ERR14102038_1.fastq.gz
dg.4DFC/74f25415-12b3-549b-88f2-89234515426c	f0eddb8f1f01c7d62d10ac1102bfbc0d	5858521056	['*']	['/open']	s3://nci-crdc-data-bucket-prod/1bb2565c-09cb-4430-b691-bfb3aaf140b2/ERR14102951_2.fastq.gz
dg.4DFC/7533a081-ed14-5f56-a6bd-449cbd2f47bb	144a8d88fb423dfc7c63d214ff5aedc6	7052679911	['*']	['/open']	s3://nci-crdc-data-bucket-prod/1bb2565c-09cb-4430-b691-bfb3aaf140b2/ERR14102973_1.fastq.gz
dg.4DFC/7534cde3-814a-50b7-99c5-2eff6a3a0c35	54a0c14dcb6914df4cea0ad7990261a1	3863224177	['*']	['/open']	s3://nci-crdc-data-bucket-prod/1bb2565c-09cb-4430-b691-bfb3aaf140b2/ERR14098073_2.fastq.gz
dg.4DFC/753829da-a3dd-5dfb-817e-de01a228df2c	d18b84257606734af36bedf790546b71	5442513532	['*']	['/open']	s3://nci-crdc-data-bucket-prod/1bb2565c-09cb-4430-b691-bfb3aaf140b2/ERR14102962_2.fastq.gz
dg.4DFC/754ba9e4-503e-5adf-b715-6e7c798d166a	27add963b6242c07fe3aaf5e17c9ea7c	5135238742	['*']	['/open']	s3://nci-crdc-data-bucket-prod/1bb2565c-09cb-4430-b691-bfb3aaf140b2/ERR14102910_1.fastq.gz
dg.4DFC/7559d1f5-3c54-5864-a43e-d318195296b7	ea1577640622a03bd442615626b116ef	3385225904	['*']	['/open']	s3://nci-crdc-data-bucket-prod/1bb2565c-09cb-4430-b691-bfb3aaf140b2/ERR14096179_2.fastq.gz
dg.4DFC/7640bbb8-725a-5d1f-aaad-2b2812890bb9	d3f2f570934e4de29951efaaf0eb02df	5044805382	['*']	['/open']	s3://nci-crdc-data-bucket-prod/1bb2565c-09cb-4430-b691-bfb3aaf140b2/ERR14102889_2.fastq.gz
dg.4DFC/76a2e63b-07b4-52cf-bc5d-918e7fe4e5c9	77bbc19a9ed6f598d5e4404a6312e204	7882234677	['*']	['/open']	s3://nci-crdc-data-bucket-prod/1bb2565c-09cb-4430-b691-bfb3aaf140b2/ERR14102907_1.fastq.gz
dg.4DFC/76a5ccd1-75bc-5f22-884a-09f8a2ed259a	614f64ec7f8e543d70cee6a75f810dd9	3802849971	['*']	['/open']	s3://nci-crdc-data-bucket-prod/1bb2565c-09cb-4430-b691-bfb3aaf140b2/ERR14102000_1.fastq.gz
dg.4DFC/76b4d26a-09d8-574f-8b40-a5303980b9c8	f4ecd6be09b3ed81bca6592576847a4c	4995683240	['*']	['/open']	s3://nci-crdc-data-bucket-prod/1bb2565c-09cb-4430-b691-bfb3aaf140b2/ERR14102130_2.fastq.gz
dg.4DFC/7702e57c-4f54-5d79-98d8-39ffd89ab403	8d44990a40678ebf8f26323849dc44d3	8382833667	['*']	['/open']	s3://nci-crdc-data-bucket-prod/1bb2565c-09cb-4430-b691-bfb3aaf140b2/ERR14102045_1.fastq.gz
dg.4DFC/7706bc5e-93ef-50a0-9d9f-269d2148b7c4	8e6160968cf0636a92fa9350a3ac3e38	4141251622	['*']	['/open']	s3://nci-crdc-data-bucket-prod/1bb2565c-09cb-4430-b691-bfb3aaf140b2/ERR14102054_1.fastq.gz
dg.4DFC/7797982d-278a-50e9-9184-049ad99b37d5	5157557488f98412fb9def3b5119add6	5757368188	['*']	['/open']	s3://nci-crdc-data-bucket-prod/1bb2565c-09cb-4430-b691-bfb3aaf140b2/ERR14102904_1.fastq.gz
dg.4DFC/779f23f3-56a9-5e05-8500-a2d9b3014a6e	892413a3674513a5957e5c4023e9d08b	5383306961	['*']	['/open']	s3://nci-crdc-data-bucket-prod/1bb2565c-09cb-4430-b691-bfb3aaf140b2/ERR14102931_1.fastq.gz
dg.4DFC/784398e6-a0b9-562d-8dd7-2cfe3f2c4707	6abb24649ca85cb8b2d0990e9e4b2aac	4587203904	['*']	['/open']	s3://nci-crdc-data-bucket-prod/1bb2565c-09cb-4430-b691-bfb3aaf140b2/ERR14099682_2.fastq.gz
dg.4DFC/7890dced-0b58-5a4e-ad76-75f43e75fd17	f50bf6133f2c14300780ab816e9883d5	5543445865	['*']	['/open']	s3://nci-crdc-data-bucket-prod/1bb2565c-09cb-4430-b691-bfb3aaf140b2/ERR14102892_1.fastq.gz
dg.4DFC/78aebc39-cffe-5847-b794-b9763e9e2159	2b52d2fb683539e857eb8dc4be9866ba	8154751980	['*']	['/open']	s3://nci-crdc-data-bucket-prod/1bb2565c-09cb-4430-b691-bfb3aaf140b2/ERR14102044_2.fastq.gz
dg.4DFC/78b9c13f-8497-599e-8d92-da2ea917519e	972bffd955970eb6acf2b86c2a33c95c	5314260051	['*']	['/open']	s3://nci-crdc-data-bucket-prod/1bb2565c-09cb-4430-b691-bfb3aaf140b2/ERR14102027_2.fastq.gz
dg.4DFC/78c58696-f548-4740-9435-7e01775054d3	00f74c7d1234404b4e33af8d4b3a35d5	29619	['*']	['/open']	s3://nci-crdc-data-bucket-prod/1bb2565c-09cb-4430-b691-bfb3aaf140b2/01-T-KPT-LN-D.RCC
dg.4DFC/798bad5a-9c61-563d-a87f-16a9beaa765a	5a2c60cdc3a98ed71ed25a750bb52530	5467904150	['*']	['/open']	s3://nci-crdc-data-bucket-prod/1bb2565c-09cb-4430-b691-bfb3aaf140b2/ERR14102899_1.fastq.gz
dg.4DFC/79ebaf50-6523-5034-b5b6-0c3655f2ccad	3e24055e8b9df135793a9888d9400e34	20243722623	['*']	['/open']	s3://nci-crdc-data-bucket-prod/1bb2565c-09cb-4430-b691-bfb3aaf140b2/ERR14099633_2.fastq.gz
dg.4DFC/7a00b9dd-16d1-5ccc-ac3b-7ad3ac47d18c	410e068c9f42e8e570c05441f12fc979	6347109061	['*']	['/open']	s3://nci-crdc-data-bucket-prod/1bb2565c-09cb-4430-b691-bfb3aaf140b2/ERR14102043_2.fastq.gz
dg.4DFC/7a0c3d6e-067d-5cf0-8417-ed1ce2ce8cdd	aa8cc5d9a8f695cf44fbf774935ee080	6023872048	['*']	['/open']	s3://nci-crdc-data-bucket-prod/1bb2565c-09cb-4430-b691-bfb3aaf140b2/ERR14102024_2.fastq.gz
dg.4DFC/7a262b8a-9e14-59b6-97f2-57b70926793c	644bc2f1ec4aac306d44e1f48361fb97	5239531947	['*']	['/open']	s3://nci-crdc-data-bucket-prod/1bb2565c-09cb-4430-b691-bfb3aaf140b2/ERR14102128_2.fastq.gz
dg.4DFC/7a63873d-1b0a-5487-950e-e0b80896f2ef	cbd403567f8bf3dcda8ae5a324934953	7567632006	['*']	['/open']	s3://nci-crdc-data-bucket-prod/1bb2565c-09cb-4430-b691-bfb3aaf140b2/ERR14102948_2.fastq.gz
dg.4DFC/7a7326c6-3f38-5681-b95d-d0391d8311d0	b0975c9fa0c90000a49513b3ef8cbca9	6490498918	['*']	['/open']	s3://nci-crdc-data-bucket-prod/1bb2565c-09cb-4430-b691-bfb3aaf140b2/ERR14102140_2.fastq.gz
dg.4DFC/7a7cdced-31fe-5e6b-ab75-a52e653cf9fc	5356daf4a3a7c9f35349dbb83e1b36a4	5989709363	['*']	['/open']	s3://nci-crdc-data-bucket-prod/1bb2565c-09cb-4430-b691-bfb3aaf140b2/ERR14098064_2.fastq.gz
dg.4DFC/7a910e92-52a4-515f-999e-6552e246f162	1a6eb959642a9b0541cfafad1cab6417	5600055520	['*']	['/open']	s3://nci-crdc-data-bucket-prod/1bb2565c-09cb-4430-b691-bfb3aaf140b2/ERR14102976_2.fastq.gz
dg.4DFC/7b11884f-f88f-5167-8391-1e49d14d9fba	bc076aa2c7fb0b60235333d535d9ab18	4445930531	['*']	['/open']	s3://nci-crdc-data-bucket-prod/1bb2565c-09cb-4430-b691-bfb3aaf140b2/ERR14099683_1.fastq.gz
dg.4DFC/7b89f767-067e-516b-8a22-f27f1007f4ea	03c1045b5e3c2111cd5f1d12c462d8aa	7698095011	['*']	['/open']	s3://nci-crdc-data-bucket-prod/1bb2565c-09cb-4430-b691-bfb3aaf140b2/ERR14102084_2.fastq.gz
dg.4DFC/7b936e8f-83a1-5a50-991d-65bf86ea07b0	31d13ae2033169eeaa011799cdb91e5a	5428740068	['*']	['/open']	s3://nci-crdc-data-bucket-prod/1bb2565c-09cb-4430-b691-bfb3aaf140b2/ERR14102943_1.fastq.gz
dg.4DFC/7bdcf124-3e71-5f99-813b-210473b15b73	b3bf93cfec04d6976c83a404a1726748	3139611215	['*']	['/open']	s3://nci-crdc-data-bucket-prod/1bb2565c-09cb-4430-b691-bfb3aaf140b2/ERR14096154_1.fastq.gz
dg.4DFC/7ce657db-7380-5a61-9436-cfaf4e4d5106	a81a729f8be9f18faa0d883e1b57fd9c	5973050235	['*']	['/open']	s3://nci-crdc-data-bucket-prod/1bb2565c-09cb-4430-b691-bfb3aaf140b2/ERR14102042_1.fastq.gz
dg.4DFC/7d07a3e8-45d0-5db5-9750-7810edc420ff	0114290ce20e7ed7764d79145b688c85	7768700656	['*']	['/open']	s3://nci-crdc-data-bucket-prod/1bb2565c-09cb-4430-b691-bfb3aaf140b2/ERR14102125_2.fastq.gz
dg.4DFC/7d07e7ac-6fe4-5ff0-a579-9c530f053cd6	300f7a5457c4cf3bdd37527cfb5e5ec7	6125571903	['*']	['/open']	s3://nci-crdc-data-bucket-prod/1bb2565c-09cb-4430-b691-bfb3aaf140b2/ERR14102010_2.fastq.gz
dg.4DFC/7d4e864c-0efa-514c-a265-fd0330648abd	a7dfd234f149cd618ac0967c8d34c877	5329253257	['*']	['/open']	s3://nci-crdc-data-bucket-prod/1bb2565c-09cb-4430-b691-bfb3aaf140b2/ERR14102887_1.fastq.gz
dg.4DFC/7d538b41-2bd0-5122-ab63-1dc5472cd092	589fa0a7dc6d3019cfbe9e99c392fba3	8291224282	['*']	['/open']	s3://nci-crdc-data-bucket-prod/1bb2565c-09cb-4430-b691-bfb3aaf140b2/ERR14102047_1.fastq.gz
dg.4DFC/7d7bef1f-30c7-526d-8129-7ebee5ebdc86	324ca4ce46b5ee61193f4270a0664606	6417954587	['*']	['/open']	s3://nci-crdc-data-bucket-prod/1bb2565c-09cb-4430-b691-bfb3aaf140b2/ERR14098093_1.fastq.gz
dg.4DFC/7dc6af4a-5474-592f-b294-86fe789c8a9c	f69b01a53e27badcd40b19b667070fb4	17456219384	['*']	['/open']	s3://nci-crdc-data-bucket-prod/1bb2565c-09cb-4430-b691-bfb3aaf140b2/ERR14099623_1.fastq.gz
dg.4DFC/7df05ff7-2250-5c83-bd98-b0566a081fb8	7ca7bdeee973b21aa5883f627c5f89f0	19587470375	['*']	['/open']	s3://nci-crdc-data-bucket-prod/1bb2565c-09cb-4430-b691-bfb3aaf140b2/ERR14099630_1.fastq.gz
dg.4DFC/7e06c8e7-7fe8-5339-95a0-5c35eadcf112	113b4ae9599288a50fa32e487c01332a	6068688999	['*']	['/open']	s3://nci-crdc-data-bucket-prod/1bb2565c-09cb-4430-b691-bfb3aaf140b2/ERR14102956_2.fastq.gz
dg.4DFC/7e88fe6a-2b26-5b19-a243-f03143089ba3	8dc52a729dd2c5a1851b7535b055f810	6644731999	['*']	['/open']	s3://nci-crdc-data-bucket-prod/1bb2565c-09cb-4430-b691-bfb3aaf140b2/ERR14102004_2.fastq.gz
dg.4DFC/7ec0b08a-987a-59b7-9322-e43db873f731	62a535eadac4d1100c678301b8ebbf14	5288455076	['*']	['/open']	s3://nci-crdc-data-bucket-prod/1bb2565c-09cb-4430-b691-bfb3aaf140b2/ERR14102061_1.fastq.gz
dg.4DFC/7ec91ace-dc71-5fdb-b805-f44d8a9ed82a	b7b25e4d8f390bfb11431747b4eba562	7352101564	['*']	['/open']	s3://nci-crdc-data-bucket-prod/1bb2565c-09cb-4430-b691-bfb3aaf140b2/ERR14102883_2.fastq.gz
dg.4DFC/7ed61888-38a2-55c0-84eb-15a3f3af1364	654ded25d09a56c0ed7755304e951911	5664282386	['*']	['/open']	s3://nci-crdc-data-bucket-prod/1bb2565c-09cb-4430-b691-bfb3aaf140b2/ERR14102068_1.fastq.gz
dg.4DFC/7f0f16d6-ff04-5b0c-a58f-daebb1fc414d	d22dcb02f331820af39157934d2f7964	7875825016	['*']	['/open']	s3://nci-crdc-data-bucket-prod/1bb2565c-09cb-4430-b691-bfb3aaf140b2/ERR14101985_2.fastq.gz
dg.4DFC/7f7f4796-fb35-5fb1-be68-d15b63983bb0	d0e6572d777b1412a6e663f3ca7f72aa	5502721383	['*']	['/open']	s3://nci-crdc-data-bucket-prod/1bb2565c-09cb-4430-b691-bfb3aaf140b2/ERR14099690_2.fastq.gz
dg.4DFC/7f9cb320-32ae-58ce-a803-e22bbcce0411	a7a48d0ab60062588f410cf25223cbe4	6324994683	['*']	['/open']	s3://nci-crdc-data-bucket-prod/1bb2565c-09cb-4430-b691-bfb3aaf140b2/ERR14102102_2.fastq.gz
dg.4DFC/8026815a-0f22-45b9-9a92-0036dc5ed3ff	903f72a2f0ab580d5728319c7351a245	29726	['*']	['/open']	s3://nci-crdc-data-bucket-prod/1bb2565c-09cb-4430-b691-bfb3aaf140b2/02-T-KPT-LN-D.RCC
dg.4DFC/80f05229-5eb8-5a75-aa01-98d65ad8e5e9	e032dbee56515ef20c96944c0b0730f3	7645713753	['*']	['/open']	s3://nci-crdc-data-bucket-prod/1bb2565c-09cb-4430-b691-bfb3aaf140b2/ERR14102018_1.fastq.gz
dg.4DFC/81a706e6-3367-5077-a9db-6dc18aaf7468	9ab77ab9b22e447fc3545587377e3ced	3427255706	['*']	['/open']	s3://nci-crdc-data-bucket-prod/1bb2565c-09cb-4430-b691-bfb3aaf140b2/ERR14102013_1.fastq.gz
dg.4DFC/81abfe63-afa6-583b-ad2d-554ba412f449	1e84a413175e1fbf127d797ab2575015	4526575210	['*']	['/open']	s3://nci-crdc-data-bucket-prod/1bb2565c-09cb-4430-b691-bfb3aaf140b2/ERR14102915_1.fastq.gz
dg.4DFC/81d4b875-c45f-5c70-b269-0b1b50aada22	746423420d250431115f7fe52a5ecb80	7552530829	['*']	['/open']	s3://nci-crdc-data-bucket-prod/1bb2565c-09cb-4430-b691-bfb3aaf140b2/ERR14103086_1.fastq.gz
dg.4DFC/82518287-3dd2-569c-b93a-af90fe76f0ac	f6c76a099ca23bb3ed83bab0047a1557	6427556649	['*']	['/open']	s3://nci-crdc-data-bucket-prod/1bb2565c-09cb-4430-b691-bfb3aaf140b2/ERR14099604_2.fastq.gz
dg.4DFC/825e14aa-4694-5353-9280-0018ddeb58e2	2a09e56fbb1670cf3301f0d5f08fb65e	5372840378	['*']	['/open']	s3://nci-crdc-data-bucket-prod/1bb2565c-09cb-4430-b691-bfb3aaf140b2/ERR14099691_1.fastq.gz
dg.4DFC/82683b85-4ecc-5404-8416-61ec840e4f02	937e4ca97caf07072e99db1990cf4279	17926084685	['*']	['/open']	s3://nci-crdc-data-bucket-prod/1bb2565c-09cb-4430-b691-bfb3aaf140b2/ERR14099599_1.fastq.gz
dg.4DFC/82fa611a-554e-5615-8983-e63ea49f04be	297729b783dd38666feb3bccccceeb2c	3948241020	['*']	['/open']	s3://nci-crdc-data-bucket-prod/1bb2565c-09cb-4430-b691-bfb3aaf140b2/ERR14102051_2.fastq.gz
dg.4DFC/8336254f-c004-5d7e-9a86-6039446081f8	ee52f9ee32b62759e5d62aadcd3b9e6e	7784778174	['*']	['/open']	s3://nci-crdc-data-bucket-prod/1bb2565c-09cb-4430-b691-bfb3aaf140b2/ERR14102111_1.fastq.gz
dg.4DFC/838828a5-2ab2-5270-bebb-cac0a50bc3ca	bbed3e1e7d8af2ca45ba7bcb2e56db8d	4205921521	['*']	['/open']	s3://nci-crdc-data-bucket-prod/1bb2565c-09cb-4430-b691-bfb3aaf140b2/ERR14099658_2.fastq.gz
dg.4DFC/83b63384-c8f9-50de-9756-4d29bda65948	232d4f2749695874c19eee707cd0f632	9396241507	['*']	['/open']	s3://nci-crdc-data-bucket-prod/1bb2565c-09cb-4430-b691-bfb3aaf140b2/ERR14102007_2.fastq.gz
dg.4DFC/83c00d8f-989c-5a30-ac1f-988d0c76de18	278adb857989b2c7496dca1574cf3124	7873883213	['*']	['/open']	s3://nci-crdc-data-bucket-prod/1bb2565c-09cb-4430-b691-bfb3aaf140b2/ERR14102908_1.fastq.gz
dg.4DFC/83d96835-244f-5f16-b55b-62c884060a31	181ed8b0fa0d557c15d2ea7a80cd4aee	7374780003	['*']	['/open']	s3://nci-crdc-data-bucket-prod/1bb2565c-09cb-4430-b691-bfb3aaf140b2/ERR14102123_1.fastq.gz
dg.4DFC/8455bc6c-32a9-5a91-aef5-5d3d5eeb5f7a	c5f8f00f768ae08916691a14f7f98918	6525571995	['*']	['/open']	s3://nci-crdc-data-bucket-prod/1bb2565c-09cb-4430-b691-bfb3aaf140b2/ERR14098091_1.fastq.gz
dg.4DFC/8458c30e-18cd-535c-8ccd-a4aeab3b7981	842c81a53e53f98a91133b229b3c0f2b	5830918637	['*']	['/open']	s3://nci-crdc-data-bucket-prod/1bb2565c-09cb-4430-b691-bfb3aaf140b2/ERR14098098_2.fastq.gz
dg.4DFC/84ef587f-8122-5ebd-9fa2-107e50ff7d45	3d435da49e5ad223b8914fc4b5df276b	6629200932	['*']	['/open']	s3://nci-crdc-data-bucket-prod/1bb2565c-09cb-4430-b691-bfb3aaf140b2/ERR14102002_2.fastq.gz
dg.4DFC/84f8f583-99ce-5f66-842e-2aa99ce6c17b	6b71f99bedb645251220f6969f6bf66d	5445708178	['*']	['/open']	s3://nci-crdc-data-bucket-prod/1bb2565c-09cb-4430-b691-bfb3aaf140b2/ERR14099689_1.fastq.gz
dg.4DFC/8521f636-1b71-5e84-9168-d40c87f6417a	ff2d0e271366777f914f2203b76d9f92	5712221114	['*']	['/open']	s3://nci-crdc-data-bucket-prod/1bb2565c-09cb-4430-b691-bfb3aaf140b2/ERR14102087_2.fastq.gz
dg.4DFC/8594d988-2d4c-5483-bc58-5c2e098eedee	214744a44d64b4c74f6cb134d9c49a44	4823838656	['*']	['/open']	s3://nci-crdc-data-bucket-prod/1bb2565c-09cb-4430-b691-bfb3aaf140b2/ERR14102980_2.fastq.gz
dg.4DFC/85ade470-a172-5116-abe9-a71fa6a4ccee	90f0fff46793d6e0f9b96309dc6422d9	9055904137	['*']	['/open']	s3://nci-crdc-data-bucket-prod/1bb2565c-09cb-4430-b691-bfb3aaf140b2/ERR14099676_2.fastq.gz
dg.4DFC/85e1858c-540d-4d1b-b987-ad455fa6d145	3c9ebcd87d429e6e7405df5f84db3e25	29706	['*']	['/open']	s3://nci-crdc-data-bucket-prod/1bb2565c-09cb-4430-b691-bfb3aaf140b2/04-T-KPT9274-LN-A.RCC
dg.4DFC/85e962b4-2763-51c8-852e-f41ce9ed44ce	97f810f4ad6e89cbde767ff4aa33fd3e	2990482423	['*']	['/open']	s3://nci-crdc-data-bucket-prod/1bb2565c-09cb-4430-b691-bfb3aaf140b2/ERR14096200_2.fastq.gz
dg.4DFC/86596c4e-5d46-5572-b232-ca12388a89c8	2b4c22dc9859b95cd5bf4367749e7f4a	5751156993	['*']	['/open']	s3://nci-crdc-data-bucket-prod/1bb2565c-09cb-4430-b691-bfb3aaf140b2/ERR14099628_2.fastq.gz
dg.4DFC/867d8ef6-523f-5b9f-9229-d228297a9f6c	d07532921efc7f1950d29a8813393c35	5113396664	['*']	['/open']	s3://nci-crdc-data-bucket-prod/1bb2565c-09cb-4430-b691-bfb3aaf140b2/ERR14102115_2.fastq.gz
dg.4DFC/8683069c-d521-5255-a323-14c3df518243	7d9779b9990a211d4bb98d7401eeaf32	6024516190	['*']	['/open']	s3://nci-crdc-data-bucket-prod/1bb2565c-09cb-4430-b691-bfb3aaf140b2/ERR14102068_2.fastq.gz
dg.4DFC/86a1cfd6-be9c-562c-bf6b-b035b6f5e436	0e4b5727f0f0952d37cf8b0f2d32a2d9	5314001697	['*']	['/open']	s3://nci-crdc-data-bucket-prod/1bb2565c-09cb-4430-b691-bfb3aaf140b2/ERR14098090_1.fastq.gz
dg.4DFC/871f81ec-3df3-5bb2-9e71-4371e4cc75a2	baaf08a6623fa0936ea96cf7626f851f	3217111135	['*']	['/open']	s3://nci-crdc-data-bucket-prod/1bb2565c-09cb-4430-b691-bfb3aaf140b2/ERR14096165_2.fastq.gz
dg.4DFC/87abdd78-248e-57a5-b932-661400c5767e	cab391e6c6ac4d2446c9f7228b0f7148	7444457929	['*']	['/open']	s3://nci-crdc-data-bucket-prod/1bb2565c-09cb-4430-b691-bfb3aaf140b2/ERR14103098_2.fastq.gz
dg.4DFC/881498cb-7f94-51cd-b195-3952bbc5d91a	eca722cf325cc10c6d00d5dab004e1d1	2134976643	['*']	['/open']	s3://nci-crdc-data-bucket-prod/1bb2565c-09cb-4430-b691-bfb3aaf140b2/ERR14096167_2.fastq.gz
dg.4DFC/8918be11-fb34-56d2-9535-27962c2cc5e5	7ba9b1d38566beb3cfdd3715bcd4fdc1	3091276987	['*']	['/open']	s3://nci-crdc-data-bucket-prod/1bb2565c-09cb-4430-b691-bfb3aaf140b2/ERR14096185_1.fastq.gz
dg.4DFC/89389bdb-0c2c-5f31-b879-88210813a289	12f71a81d364a8c52928581f71b3ccab	7768045980	['*']	['/open']	s3://nci-crdc-data-bucket-prod/1bb2565c-09cb-4430-b691-bfb3aaf140b2/ERR14102110_1.fastq.gz
dg.4DFC/895050a0-6e46-5be9-bd61-919bf7d1b21f	eb88e1d10b4bb723a5d2ae18b75433f3	5432100976	['*']	['/open']	s3://nci-crdc-data-bucket-prod/1bb2565c-09cb-4430-b691-bfb3aaf140b2/ERR14102104_1.fastq.gz
dg.4DFC/89636290-8d02-5854-a182-65d95714212f	864750a30ed08db6da5fc922e5d36108	5685205711	['*']	['/open']	s3://nci-crdc-data-bucket-prod/1bb2565c-09cb-4430-b691-bfb3aaf140b2/ERR14102956_1.fastq.gz
dg.4DFC/89cac254-c923-5f4a-9702-549b9dfef8a2	adbfdc2d7d905d77e86de43369c028f8	3231750001	['*']	['/open']	s3://nci-crdc-data-bucket-prod/1bb2565c-09cb-4430-b691-bfb3aaf140b2/ERR14096154_2.fastq.gz
dg.4DFC/89fc984c-21b1-5885-a1d0-161a48493972	cc1627349d94dae4c4f6534ff1849315	5227778266	['*']	['/open']	s3://nci-crdc-data-bucket-prod/1bb2565c-09cb-4430-b691-bfb3aaf140b2/ERR14102105_1.fastq.gz
dg.4DFC/8ab91f49-7ddd-5636-a049-d621f5341b19	020195f97887419ee56c8b8e4072d198	18768862276	['*']	['/open']	s3://nci-crdc-data-bucket-prod/1bb2565c-09cb-4430-b691-bfb3aaf140b2/ERR14099599_2.fastq.gz
dg.4DFC/8ac3687b-babf-5dad-9fb2-91e01f722ba5	9f8cbb8a3dedd3a178223d5b13cbf87e	4395409645	['*']	['/open']	s3://nci-crdc-data-bucket-prod/1bb2565c-09cb-4430-b691-bfb3aaf140b2/ERR14102055_2.fastq.gz
dg.4DFC/8adb7920-e6e2-543c-89db-30c70203529c	ee84f8cbb1d6fae45c895bec14a502e8	6245721020	['*']	['/open']	s3://nci-crdc-data-bucket-prod/1bb2565c-09cb-4430-b691-bfb3aaf140b2/ERR14098096_2.fastq.gz
dg.4DFC/8b204453-aab0-5f15-8cd4-474c71ac8521	5688037254f2ef64e74e48f5abce5e16	4595254144	['*']	['/open']	s3://nci-crdc-data-bucket-prod/1bb2565c-09cb-4430-b691-bfb3aaf140b2/ERR14098074_1.fastq.gz
dg.4DFC/8b7f55c3-59fb-5e99-861e-450c55433d19	8d6653b733a48992c192fa9792a562c0	4320952112	['*']	['/open']	s3://nci-crdc-data-bucket-prod/1bb2565c-09cb-4430-b691-bfb3aaf140b2/ERR14096173_2.fastq.gz
dg.4DFC/8b99d306-ae44-5a44-8fe0-944df03855ef	c61f99dfb9c6f360795ab0628c7d4e3c	4951519070	['*']	['/open']	s3://nci-crdc-data-bucket-prod/1bb2565c-09cb-4430-b691-bfb3aaf140b2/ERR14098070_2.fastq.gz
dg.4DFC/8c057ed3-6cb8-5df8-99fc-abe983bff3a1	d59ec35193d8e6d13dff686dfd357bc5	3433195289	['*']	['/open']	s3://nci-crdc-data-bucket-prod/1bb2565c-09cb-4430-b691-bfb3aaf140b2/ERR14098075_1.fastq.gz
dg.4DFC/8c0b04ed-1baa-56ce-a6d3-d0c883db4816	a0a9ac053e81e5e3243d511578dafa57	6224945259	['*']	['/open']	s3://nci-crdc-data-bucket-prod/1bb2565c-09cb-4430-b691-bfb3aaf140b2/ERR14102101_2.fastq.gz
dg.4DFC/8c175aba-6e5c-5a34-a4f4-836528df44c2	3a8ecd16b3a358c85f339f522fcbbf41	6517377414	['*']	['/open']	s3://nci-crdc-data-bucket-prod/1bb2565c-09cb-4430-b691-bfb3aaf140b2/ERR14102142_2.fastq.gz
dg.4DFC/8c53a12d-cf2c-529a-ac54-827f0306c1d4	9cc016d6d45f037dafcc266620391652	6123954028	['*']	['/open']	s3://nci-crdc-data-bucket-prod/1bb2565c-09cb-4430-b691-bfb3aaf140b2/ERR14099602_1.fastq.gz
dg.4DFC/8c729316-84a0-5855-a689-4fe18f3d0190	9511025ad66318017eb02d89343c2f7d	5579731129	['*']	['/open']	s3://nci-crdc-data-bucket-prod/1bb2565c-09cb-4430-b691-bfb3aaf140b2/ERR14102890_1.fastq.gz
dg.4DFC/8c8831cf-cf3d-5c30-b31a-4fc4a5de983f	4498d62142c26b8463fa43edb84de7a4	6560297995	['*']	['/open']	s3://nci-crdc-data-bucket-prod/1bb2565c-09cb-4430-b691-bfb3aaf140b2/ERR14102029_2.fastq.gz
dg.4DFC/8c9b83d4-b380-5ab6-932a-9f074cff0ca4	350655cd6502058175dff053c13c96fb	2755100754	['*']	['/open']	s3://nci-crdc-data-bucket-prod/1bb2565c-09cb-4430-b691-bfb3aaf140b2/ERR14096158_2.fastq.gz
dg.4DFC/8d26ba56-2391-5c4b-8173-d14d8c64cf2d	0bbe3d228dae78c3d5542a06cbed6139	6170200064	['*']	['/open']	s3://nci-crdc-data-bucket-prod/1bb2565c-09cb-4430-b691-bfb3aaf140b2/ERR14098107_2.fastq.gz
dg.4DFC/8d9c8ab3-4fed-5a76-b930-7c64a0dc6fbb	8ca52689248da90451a8d068bd907ac3	20218631351	['*']	['/open']	s3://nci-crdc-data-bucket-prod/1bb2565c-09cb-4430-b691-bfb3aaf140b2/ERR14099609_1.fastq.gz
dg.4DFC/8dd947c2-0f7b-57e7-bd1a-477d857e0fdf	6566990d81788b89bc3ae803581d2e8a	5234606003	['*']	['/open']	s3://nci-crdc-data-bucket-prod/1bb2565c-09cb-4430-b691-bfb3aaf140b2/ERR14099690_1.fastq.gz
dg.4DFC/8de1470e-50e6-53e3-990a-a83aab76450b	5efa6a61500eb0e890ec6951e60ffa09	5638005130	['*']	['/open']	s3://nci-crdc-data-bucket-prod/1bb2565c-09cb-4430-b691-bfb3aaf140b2/ERR14102063_2.fastq.gz
dg.4DFC/8e84e062-8f52-512a-9fe7-44454d6227c8	cb5bf2b8736b5a792f45ac9d015fb0cd	3905432034	['*']	['/open']	s3://nci-crdc-data-bucket-prod/1bb2565c-09cb-4430-b691-bfb3aaf140b2/ERR14099672_1.fastq.gz
dg.4DFC/8ecbf498-ddda-5f80-bb7b-b657b6f080de	4ac1fa21e81b61b03245ccb2a79f0372	5401469369	['*']	['/open']	s3://nci-crdc-data-bucket-prod/1bb2565c-09cb-4430-b691-bfb3aaf140b2/ERR14102929_1.fastq.gz
dg.4DFC/8f3e3061-0d18-51e5-a37c-d477ceda2123	e0e2d2e16ac4babe687ffa56f7916777	5178589895	['*']	['/open']	s3://nci-crdc-data-bucket-prod/1bb2565c-09cb-4430-b691-bfb3aaf140b2/ERR14099700_1.fastq.gz
dg.4DFC/8f4d2794-6365-540d-bf3f-1abe73cf6c14	427dbe6b87a397ccf640cba28867fb78	6108161260	['*']	['/open']	s3://nci-crdc-data-bucket-prod/1bb2565c-09cb-4430-b691-bfb3aaf140b2/ERR14098101_1.fastq.gz
dg.4DFC/8f7aa973-c021-5520-82fa-9639d4bfcc58	ae306ddfb024904c79f6ea9d5b5dd2eb	5150202496	['*']	['/open']	s3://nci-crdc-data-bucket-prod/1bb2565c-09cb-4430-b691-bfb3aaf140b2/ERR14103075_1.fastq.gz
dg.4DFC/8fddcb45-d8f9-5d60-a9d6-4176f999f9d6	5b8576f65e0c84d74ecd97f48d9963f2	20053183268	['*']	['/open']	s3://nci-crdc-data-bucket-prod/1bb2565c-09cb-4430-b691-bfb3aaf140b2/ERR14099608_1.fastq.gz
dg.4DFC/8fe31f98-c265-56d5-b699-eb5f93f57b0b	c04f3d35c584bbca7e4d20cbe6b48dee	5729109964	['*']	['/open']	s3://nci-crdc-data-bucket-prod/1bb2565c-09cb-4430-b691-bfb3aaf140b2/ERR14102141_1.fastq.gz
dg.4DFC/8ff28f49-1556-5ce6-b348-ed482a36d5c2	c12bd27cdd1aa9a6bde157ccda982566	5967391932	['*']	['/open']	s3://nci-crdc-data-bucket-prod/1bb2565c-09cb-4430-b691-bfb3aaf140b2/ERR14099693_2.fastq.gz
dg.4DFC/902db709-d9c0-57f0-81c3-5fca98a9f276	8a72c2ab8915deac78a2643b3937885b	7193403127	['*']	['/open']	s3://nci-crdc-data-bucket-prod/1bb2565c-09cb-4430-b691-bfb3aaf140b2/ERR14102933_2.fastq.gz
dg.4DFC/9076d6ce-b027-598e-b9c7-5918058a1d34	79c03438815ca698a2d409bb30ad37b4	6262940444	['*']	['/open']	s3://nci-crdc-data-bucket-prod/1bb2565c-09cb-4430-b691-bfb3aaf140b2/ERR14098088_2.fastq.gz
dg.4DFC/90ca313d-208c-5081-8f7e-f25d0d31fbe3	72161e0464d0c5a05f2d21c63a42d545	5614124318	['*']	['/open']	s3://nci-crdc-data-bucket-prod/1bb2565c-09cb-4430-b691-bfb3aaf140b2/ERR14102105_2.fastq.gz
dg.4DFC/91064088-3c9d-5fed-9f52-f54534f756f7	2f2a2124f1d6a5dc28c927e5d6a640e7	6266420518	['*']	['/open']	s3://nci-crdc-data-bucket-prod/1bb2565c-09cb-4430-b691-bfb3aaf140b2/ERR14102069_2.fastq.gz
dg.4DFC/9172c3ee-0bd0-51b7-a538-c382b1c6a362	0a6e13766402ba80bc27ccb6160438b4	4279944441	['*']	['/open']	s3://nci-crdc-data-bucket-prod/1bb2565c-09cb-4430-b691-bfb3aaf140b2/ERR14102893_1.fastq.gz
dg.4DFC/91bec0ae-bbfc-5e5f-8ae6-73532b6ddc7a	a196b82ba32075cff125e47cdc6e1472	6154498423	['*']	['/open']	s3://nci-crdc-data-bucket-prod/1bb2565c-09cb-4430-b691-bfb3aaf140b2/ERR14102142_1.fastq.gz
dg.4DFC/929f1ea6-6a4c-58f2-92de-8f74a5527208	90311c188938edbc4fa7fa376194a456	4492062778	['*']	['/open']	s3://nci-crdc-data-bucket-prod/1bb2565c-09cb-4430-b691-bfb3aaf140b2/ERR14102928_1.fastq.gz
dg.4DFC/92d73610-c19f-5129-87a3-307ac91ab8b5	8e9682d8520a510bb1ecb1760f94089f	2780140174	['*']	['/open']	s3://nci-crdc-data-bucket-prod/1bb2565c-09cb-4430-b691-bfb3aaf140b2/ERR14096159_2.fastq.gz
dg.4DFC/9302eafe-2d1b-575f-9561-d968da0134e5	2cdd1a0ef8f69f24d964a92a1e2d3e63	5773980727	['*']	['/open']	s3://nci-crdc-data-bucket-prod/1bb2565c-09cb-4430-b691-bfb3aaf140b2/ERR14102900_1.fastq.gz
dg.4DFC/9304d0da-f6a3-5474-8f6d-2fe87c477b5b	008d5f81ba8c625b654e8fdb3bc8e472	6227984697	['*']	['/open']	s3://nci-crdc-data-bucket-prod/1bb2565c-09cb-4430-b691-bfb3aaf140b2/ERR14102067_2.fastq.gz
dg.4DFC/930b89a3-87df-5203-b39b-f7a84c561462	56c47396317756e05fc54d21a4fc22b0	4435201014	['*']	['/open']	s3://nci-crdc-data-bucket-prod/1bb2565c-09cb-4430-b691-bfb3aaf140b2/ERR14099634_2.fastq.gz
dg.4DFC/9394a567-3d4e-5228-b095-7c363393c497	6cd28e6a09cc280d391e24c80ebc169b	5543322530	['*']	['/open']	s3://nci-crdc-data-bucket-prod/1bb2565c-09cb-4430-b691-bfb3aaf140b2/ERR14099696_2.fastq.gz
dg.4DFC/93b0f2b4-4205-58b8-a246-c6b547c80e1e	e27536777221cb9aea1c91fffb8657f4	7418424344	['*']	['/open']	s3://nci-crdc-data-bucket-prod/1bb2565c-09cb-4430-b691-bfb3aaf140b2/ERR14102059_1.fastq.gz
dg.4DFC/93c39f0f-61a8-5e8f-a3ea-b265a31abf71	cebabfb9596d79999d2989313f322c30	6700974980	['*']	['/open']	s3://nci-crdc-data-bucket-prod/1bb2565c-09cb-4430-b691-bfb3aaf140b2/ERR14102108_2.fastq.gz
dg.4DFC/940dbf52-1b87-5006-920f-5caa3afaf8e2	71e265174735fce6a56774c237b147d1	20312834080	['*']	['/open']	s3://nci-crdc-data-bucket-prod/1bb2565c-09cb-4430-b691-bfb3aaf140b2/ERR14099606_1.fastq.gz
dg.4DFC/944a6531-2803-51af-8abc-6de5a4e691ed	81ad43657277614b0171c3c5d5e78753	6799251523	['*']	['/open']	s3://nci-crdc-data-bucket-prod/1bb2565c-09cb-4430-b691-bfb3aaf140b2/ERR14102151_2.fastq.gz
dg.4DFC/94a66525-ae3d-59d4-b431-89d260cde20d	7624ed1da7847445615938f7725f86d8	4130858625	['*']	['/open']	s3://nci-crdc-data-bucket-prod/1bb2565c-09cb-4430-b691-bfb3aaf140b2/ERR14098089_1.fastq.gz
dg.4DFC/94e1b67b-5a07-5f24-b609-fafe6065c994	31d181444007fcdeea4e30fe3ff79f6c	6888067565	['*']	['/open']	s3://nci-crdc-data-bucket-prod/1bb2565c-09cb-4430-b691-bfb3aaf140b2/ERR14102987_1.fastq.gz
dg.4DFC/94f978b4-194b-57b5-83a9-10ccfc410bf3	c6193d9a360650a2d78949cec7145241	2085207210	['*']	['/open']	s3://nci-crdc-data-bucket-prod/1bb2565c-09cb-4430-b691-bfb3aaf140b2/ERR14096167_1.fastq.gz
dg.4DFC/9518da69-991c-545f-bc21-35bece0ec307	19de88d90618fba31d9e41e74639be41	19375564113	['*']	['/open']	s3://nci-crdc-data-bucket-prod/1bb2565c-09cb-4430-b691-bfb3aaf140b2/ERR14099601_2.fastq.gz
dg.4DFC/95374e18-3b56-507e-baf4-d73e175fb16f	6b0e0d6954d2f750e18dd4300625ac16	6036291835	['*']	['/open']	s3://nci-crdc-data-bucket-prod/1bb2565c-09cb-4430-b691-bfb3aaf140b2/ERR14102932_1.fastq.gz
dg.4DFC/95ace7bc-77df-558f-83da-4a8d857ff416	2a0270fb7c2d978bfedf0ce02332ee95	5477076475	['*']	['/open']	s3://nci-crdc-data-bucket-prod/1bb2565c-09cb-4430-b691-bfb3aaf140b2/ERR14102983_1.fastq.gz
dg.4DFC/95bea879-d96e-5d8b-a051-7286e275a59c	1d98c7d695f88521a21c573a99c17583	7080552469	['*']	['/open']	s3://nci-crdc-data-bucket-prod/1bb2565c-09cb-4430-b691-bfb3aaf140b2/ERR14102878_2.fastq.gz
dg.4DFC/95e7ec65-8e85-5895-88df-89d159f7223a	8b61125c410e13b49cad4f5d1a21b7b4	3576465130	['*']	['/open']	s3://nci-crdc-data-bucket-prod/1bb2565c-09cb-4430-b691-bfb3aaf140b2/ERR14096195_2.fastq.gz
dg.4DFC/963006c3-4cf9-5271-b047-9444cc2ba0cf	5bbe23f3bc591f079734da367877dcbc	6867395804	['*']	['/open']	s3://nci-crdc-data-bucket-prod/1bb2565c-09cb-4430-b691-bfb3aaf140b2/ERR14102032_1.fastq.gz
dg.4DFC/9663b741-c6b7-599e-8ed9-c04820f027d2	4e748066b2d4e5dcb690026a2e8b9b59	5296021113	['*']	['/open']	s3://nci-crdc-data-bucket-prod/1bb2565c-09cb-4430-b691-bfb3aaf140b2/ERR14098079_2.fastq.gz
dg.4DFC/96857c32-07aa-5839-ae1b-02bf33ef076b	c779fd82a96491a62081217940188d5b	8257681560	['*']	['/open']	s3://nci-crdc-data-bucket-prod/1bb2565c-09cb-4430-b691-bfb3aaf140b2/ERR14099674_1.fastq.gz
dg.4DFC/96908121-a130-591c-b919-e34888cad275	18a8dbfe8694a2f0ea006192059a5105	6198619074	['*']	['/open']	s3://nci-crdc-data-bucket-prod/1bb2565c-09cb-4430-b691-bfb3aaf140b2/ERR14098099_1.fastq.gz
dg.4DFC/96c41446-6a0f-5fe9-b38a-7e12d06eb2de	84458cc8bca144011fefa2fa9a286929	2718677964	['*']	['/open']	s3://nci-crdc-data-bucket-prod/1bb2565c-09cb-4430-b691-bfb3aaf140b2/ERR14102065_1.fastq.gz
dg.4DFC/97b2ed80-deeb-526b-baef-1943ed3af196	99a404764dd6b6f805b532ce9c87b94f	5073128275	['*']	['/open']	s3://nci-crdc-data-bucket-prod/1bb2565c-09cb-4430-b691-bfb3aaf140b2/ERR14102066_2.fastq.gz
dg.4DFC/97f1c332-b0f3-5f22-bccc-bbbd4ad5e2be	658579355c609853759649c1a91bbae0	6973183608	['*']	['/open']	s3://nci-crdc-data-bucket-prod/1bb2565c-09cb-4430-b691-bfb3aaf140b2/ERR14102974_1.fastq.gz
dg.4DFC/984c1ea3-1567-597c-a593-aa2bcba195d4	45cad56d71d382bbc390911751af429b	4751539758	['*']	['/open']	s3://nci-crdc-data-bucket-prod/1bb2565c-09cb-4430-b691-bfb3aaf140b2/ERR14102066_1.fastq.gz
dg.4DFC/98525deb-17ec-56c1-aa1b-5535a338c89c	06630e56fcef7a6b031932cd2723000f	1824222419	['*']	['/open']	s3://nci-crdc-data-bucket-prod/1bb2565c-09cb-4430-b691-bfb3aaf140b2/ERR14101987_2.fastq.gz
dg.4DFC/986242fa-f4ae-5815-8610-4077eb3b4393	7a6c86f47f5e7cf6b6dd571dea2948bf	2932902569	['*']	['/open']	s3://nci-crdc-data-bucket-prod/1bb2565c-09cb-4430-b691-bfb3aaf140b2/ERR14096201_1.fastq.gz
dg.4DFC/9869a1fd-b4f4-52df-b7bd-e45cd2d3b37e	8fcfd54d55332eb0d74dff0ffb769454	2302765433	['*']	['/open']	s3://nci-crdc-data-bucket-prod/1bb2565c-09cb-4430-b691-bfb3aaf140b2/ERR14096187_2.fastq.gz
dg.4DFC/98718e96-509e-561e-86e0-9465a94ccf45	f2408334cd808b0ad9e13b60ff54b3df	7198816509	['*']	['/open']	s3://nci-crdc-data-bucket-prod/1bb2565c-09cb-4430-b691-bfb3aaf140b2/ERR14102947_1.fastq.gz
dg.4DFC/99a34f10-2585-5097-b598-a1940f902160	2da7f279b8c4269c90c1d7ca09b2975c	3518193041	['*']	['/open']	s3://nci-crdc-data-bucket-prod/1bb2565c-09cb-4430-b691-bfb3aaf140b2/ERR14096193_1.fastq.gz
dg.4DFC/9a103709-eadb-53cd-b71f-599b5493b67e	d64fbd786c112987aa0e2e33cf2b6eba	5888621791	['*']	['/open']	s3://nci-crdc-data-bucket-prod/1bb2565c-09cb-4430-b691-bfb3aaf140b2/ERR14102899_2.fastq.gz
dg.4DFC/9a33e7fc-1c11-5dcd-8309-2ed6b920401d	743ca0213a9b6d39d633b1b7dbf2fe02	5484237494	['*']	['/open']	s3://nci-crdc-data-bucket-prod/1bb2565c-09cb-4430-b691-bfb3aaf140b2/ERR14102913_1.fastq.gz
dg.4DFC/9a364762-5526-5e74-bd2f-660e20000c6c	03bed0f86cdbc2e3cba264bc40431ced	5574756537	['*']	['/open']	s3://nci-crdc-data-bucket-prod/1bb2565c-09cb-4430-b691-bfb3aaf140b2/ERR14102887_2.fastq.gz
dg.4DFC/9a6ab1d0-e764-5d48-8fc6-3cf26eaea63d	6c618271e3c0b287d50770d276f35952	5468263370	['*']	['/open']	s3://nci-crdc-data-bucket-prod/1bb2565c-09cb-4430-b691-bfb3aaf140b2/ERR14099673_2.fastq.gz
dg.4DFC/9a92c7b7-8a7c-5dc8-83a9-38429131e2ab	f284383e7b14fb8f18d91cd1b2be0b33	19425858194	['*']	['/open']	s3://nci-crdc-data-bucket-prod/1bb2565c-09cb-4430-b691-bfb3aaf140b2/ERR14099600_2.fastq.gz
dg.4DFC/9cc8f509-a3b6-4934-a1d5-5b9bb6a99dae	0d1a63b98287f2756e1df931bb85ca6d	29639	['*']	['/open']	s3://nci-crdc-data-bucket-prod/1bb2565c-09cb-4430-b691-bfb3aaf140b2/01-T-KPT9274-LN-A.RCC
dg.4DFC/9d1a9c92-9dc9-5f0c-9a02-1f605d119320	64d777953269b328ee3617e280ffe848	11318417238	['*']	['/open']	s3://nci-crdc-data-bucket-prod/1bb2565c-09cb-4430-b691-bfb3aaf140b2/ERR14102148_2.fastq.gz
dg.4DFC/9d3c33e8-c57a-5bb7-a11e-5b2fd0838211	0334f4fd0647430f5fc746d7154fbadd	6693747258	['*']	['/open']	s3://nci-crdc-data-bucket-prod/1bb2565c-09cb-4430-b691-bfb3aaf140b2/ERR14102030_2.fastq.gz
dg.4DFC/9d781b26-8ce4-567a-96d4-1ec4b7247b40	eaf3fc31e510d82c4b26a1024d8bf0fb	7216782906	['*']	['/open']	s3://nci-crdc-data-bucket-prod/1bb2565c-09cb-4430-b691-bfb3aaf140b2/ERR14102034_2.fastq.gz
dg.4DFC/9d796697-dc04-54b9-82d3-933dec76ff7b	55a12bc0d8a11966fa9b6dcf57f19e0d	4731587532	['*']	['/open']	s3://nci-crdc-data-bucket-prod/1bb2565c-09cb-4430-b691-bfb3aaf140b2/ERR14098080_1.fastq.gz
dg.4DFC/9d874b58-4740-53d9-adb4-cbbde5c090f7	7e3b7ee9bf95fb001e05fbee4a5f225b	5300533387	['*']	['/open']	s3://nci-crdc-data-bucket-prod/1bb2565c-09cb-4430-b691-bfb3aaf140b2/ERR14102978_1.fastq.gz
dg.4DFC/9e02b9f3-f2ee-55ef-8716-976146f5a542	f7af889ae93aeaddca8a6dba02c91a83	5704511484	['*']	['/open']	s3://nci-crdc-data-bucket-prod/1bb2565c-09cb-4430-b691-bfb3aaf140b2/ERR14102010_1.fastq.gz
dg.4DFC/9e08674f-eb01-53e9-8453-02cf60f162ec	7859c21f96092c93f2df68ce5b187ca0	5501645454	['*']	['/open']	s3://nci-crdc-data-bucket-prod/1bb2565c-09cb-4430-b691-bfb3aaf140b2/ERR14102886_2.fastq.gz
dg.4DFC/9e0c9ea3-688b-5407-93a9-0696502de476	ba456a16738d379030e22c609febf8dc	3727352045	['*']	['/open']	s3://nci-crdc-data-bucket-prod/1bb2565c-09cb-4430-b691-bfb3aaf140b2/ERR14102078_2.fastq.gz
dg.4DFC/9e158222-065d-5ebd-8442-7d1cdc9318ed	9d0ddc605b77b7cd7b4bf5050bf3dabe	4445120185	['*']	['/open']	s3://nci-crdc-data-bucket-prod/1bb2565c-09cb-4430-b691-bfb3aaf140b2/ERR14098055_1.fastq.gz
dg.4DFC/9e23a1bd-242c-519a-9f5a-4ada2e51fda3	ffb31aaca09573fe6a4574fb31f0972e	6419507857	['*']	['/open']	s3://nci-crdc-data-bucket-prod/1bb2565c-09cb-4430-b691-bfb3aaf140b2/ERR14102016_2.fastq.gz
dg.4DFC/9ea62290-859e-5593-8e23-757d613a09da	71c13bf0f36fb6a27bea6826c14ed982	6048292065	['*']	['/open']	s3://nci-crdc-data-bucket-prod/1bb2565c-09cb-4430-b691-bfb3aaf140b2/ERR14099613_1.fastq.gz
dg.4DFC/9ebc3036-d615-54f9-b0fc-b0bb603f6a2e	1412b1027c6574e8b16342d2e5ce6066	4168366259	['*']	['/open']	s3://nci-crdc-data-bucket-prod/1bb2565c-09cb-4430-b691-bfb3aaf140b2/ERR14099636_1.fastq.gz
dg.4DFC/9f055999-da8b-595f-9ced-708f9b447c99	f74bb4098b4d2d33d3018bf32bca3a24	7431502253	['*']	['/open']	s3://nci-crdc-data-bucket-prod/1bb2565c-09cb-4430-b691-bfb3aaf140b2/ERR14102071_1.fastq.gz
dg.4DFC/9f09df7b-7563-52c1-b4ce-f891f7ab1427	bfdedfaf98ef6265dc22d32b33b0c501	5147010741	['*']	['/open']	s3://nci-crdc-data-bucket-prod/1bb2565c-09cb-4430-b691-bfb3aaf140b2/ERR14102092_2.fastq.gz
dg.4DFC/9febb985-abb7-5334-8351-82978777cb47	7d3670eff6c2d29f2eec84d71be42002	5423955757	['*']	['/open']	s3://nci-crdc-data-bucket-prod/1bb2565c-09cb-4430-b691-bfb3aaf140b2/ERR14102982_1.fastq.gz
dg.4DFC/a053bc46-f056-57dc-b805-17c4502d76a5	80a43bdb3f84e87249e36c82189de59e	5313457230	['*']	['/open']	s3://nci-crdc-data-bucket-prod/1bb2565c-09cb-4430-b691-bfb3aaf140b2/ERR14103074_2.fastq.gz
dg.4DFC/a0b29af9-3f99-528c-a2ec-8e922e1f805d	6482e36d5829362bb7a96161798500dd	4113319662	['*']	['/open']	s3://nci-crdc-data-bucket-prod/1bb2565c-09cb-4430-b691-bfb3aaf140b2/ERR14096169_1.fastq.gz
dg.4DFC/a0d6a39b-814e-55d1-896c-f40d484dfcb3	a1099f3bb6a13b2175b45697c822a4ae	5218932112	['*']	['/open']	s3://nci-crdc-data-bucket-prod/1bb2565c-09cb-4430-b691-bfb3aaf140b2/ERR14102888_1.fastq.gz
dg.4DFC/a146b601-087d-5956-9346-b0536a39d272	da45ddd3999d3fecdcab41fde795867c	2339504825	['*']	['/open']	s3://nci-crdc-data-bucket-prod/1bb2565c-09cb-4430-b691-bfb3aaf140b2/ERR14096182_1.fastq.gz
dg.4DFC/a1866fc5-94c7-5410-b41b-de383230ca9c	23e58d3a8dc21bf9aac53ad98d882fea	5772913860	['*']	['/open']	s3://nci-crdc-data-bucket-prod/1bb2565c-09cb-4430-b691-bfb3aaf140b2/ERR14102903_1.fastq.gz
dg.4DFC/a1ee2b7c-d98b-5772-8940-e23caf533d5a	4e27dd468f5fd41d46bb3e89255786fb	4143400630	['*']	['/open']	s3://nci-crdc-data-bucket-prod/1bb2565c-09cb-4430-b691-bfb3aaf140b2/ERR14099666_2.fastq.gz
dg.4DFC/a2625c2c-488f-5f1e-a406-f002334ad021	c23148f5d3b14176a85dc8612078c435	5439020476	['*']	['/open']	s3://nci-crdc-data-bucket-prod/1bb2565c-09cb-4430-b691-bfb3aaf140b2/ERR14102884_2.fastq.gz
dg.4DFC/a2943133-8569-5f76-a9b1-429ab0a0df5f	61a2b699ad83f212b9e1d9d3da6a9945	6365882798	['*']	['/open']	s3://nci-crdc-data-bucket-prod/1bb2565c-09cb-4430-b691-bfb3aaf140b2/ERR14102103_2.fastq.gz
dg.4DFC/a2a6408c-e7d0-5e21-a765-f792c91e8c17	7cb7b73ff8efbf57abf06a6049dd6922	6780527683	['*']	['/open']	s3://nci-crdc-data-bucket-prod/1bb2565c-09cb-4430-b691-bfb3aaf140b2/ERR14102091_1.fastq.gz
dg.4DFC/a313eaac-577c-4718-95de-4160be56addc	de8832bee52b103a8f40a6e6d3cd375f	29515	['*']	['/open']	s3://nci-crdc-data-bucket-prod/1bb2565c-09cb-4430-b691-bfb3aaf140b2/05-T-DOXRV-LN-D.RCC
dg.4DFC/a32a6a4c-2523-555c-a115-935ee9d84f76	18b2803139a209622c565ab63ba60b90	7471331328	['*']	['/open']	s3://nci-crdc-data-bucket-prod/1bb2565c-09cb-4430-b691-bfb3aaf140b2/ERR14102921_2.fastq.gz
dg.4DFC/a36a3400-737f-561b-aa26-b73b4d866d8b	2fb4c18493a98172f1049358830fb30e	3282402998	['*']	['/open']	s3://nci-crdc-data-bucket-prod/1bb2565c-09cb-4430-b691-bfb3aaf140b2/ERR14096181_1.fastq.gz
dg.4DFC/a37e9d9d-ef58-59dc-99bf-27d2f2cd3f48	21553f5379af848fd5fc25442a8b8b6b	4899970547	['*']	['/open']	s3://nci-crdc-data-bucket-prod/1bb2565c-09cb-4430-b691-bfb3aaf140b2/ERR14102923_1.fastq.gz
dg.4DFC/a38e2071-1494-5481-8bfe-6813b1a38a58	dee7d5fa4f47c4a7250be920ceb1f65a	3256746446	['*']	['/open']	s3://nci-crdc-data-bucket-prod/1bb2565c-09cb-4430-b691-bfb3aaf140b2/ERR14096166_2.fastq.gz
dg.4DFC/a3902dd5-f50a-5133-b5d3-b0892665afee	9b04298aecd44707926e858a7f3a6201	7724437588	['*']	['/open']	s3://nci-crdc-data-bucket-prod/1bb2565c-09cb-4430-b691-bfb3aaf140b2/ERR14102019_1.fastq.gz
dg.4DFC/a3d368db-d36a-5937-8049-946fa3f1cca3	0cc27e91eaef891f0e0bf722ae02ce1f	3602203486	['*']	['/open']	s3://nci-crdc-data-bucket-prod/1bb2565c-09cb-4430-b691-bfb3aaf140b2/ERR14096196_2.fastq.gz
dg.4DFC/a401ffe9-b849-518d-848f-9c57351d2f92	f22c1eebfddf994839230d979342be5a	3178623384	['*']	['/open']	s3://nci-crdc-data-bucket-prod/1bb2565c-09cb-4430-b691-bfb3aaf140b2/ERR14096153_1.fastq.gz
dg.4DFC/a42322f1-3c3b-54d1-81ba-00b78bb4c416	eb5b933223e08f335463850c621aff72	5289873432	['*']	['/open']	s3://nci-crdc-data-bucket-prod/1bb2565c-09cb-4430-b691-bfb3aaf140b2/ERR14102902_2.fastq.gz
dg.4DFC/a43709a5-2103-5301-9512-994d4e6de77a	1d2f9b8431f19b6c8d4477d4fde3e89d	5328808221	['*']	['/open']	s3://nci-crdc-data-bucket-prod/1bb2565c-09cb-4430-b691-bfb3aaf140b2/ERR14098098_1.fastq.gz
dg.4DFC/a4c6c1dc-e00f-55ca-a273-4243ea21c53c	ec34bea5d896a2b51f38a0a3cacb3940	6556316914	['*']	['/open']	s3://nci-crdc-data-bucket-prod/1bb2565c-09cb-4430-b691-bfb3aaf140b2/ERR14102017_2.fastq.gz
dg.4DFC/a4fd6d0b-c4d9-503a-998c-3eadf12b8d9f	96cf4ca93fa9df14fb975018fdd5b084	6588919342	['*']	['/open']	s3://nci-crdc-data-bucket-prod/1bb2565c-09cb-4430-b691-bfb3aaf140b2/ERR14102901_2.fastq.gz
dg.4DFC/a53a1be6-f4d4-5ebe-a633-b3025edfce0f	2adefce0b1fa82417b01b01b7dff1f05	4911050438	['*']	['/open']	s3://nci-crdc-data-bucket-prod/1bb2565c-09cb-4430-b691-bfb3aaf140b2/ERR14102975_1.fastq.gz
dg.4DFC/a5b84f70-2c7c-515f-8e7a-0e4bab4f5876	66ed543fb3811266bde0343eedbd31e5	6885527000	['*']	['/open']	s3://nci-crdc-data-bucket-prod/1bb2565c-09cb-4430-b691-bfb3aaf140b2/ERR14102149_2.fastq.gz
dg.4DFC/a5bf78df-84d4-5e23-b687-581ce93b8e7a	f2034bba4686ade72c2c13fb3b3046e7	5761908271	['*']	['/open']	s3://nci-crdc-data-bucket-prod/1bb2565c-09cb-4430-b691-bfb3aaf140b2/ERR14102062_1.fastq.gz
dg.4DFC/a6a9fbe0-20d9-5424-8ba0-cdbc014c4a85	eeac62a437d9022147b1f3b5beaa64e5	4536300552	['*']	['/open']	s3://nci-crdc-data-bucket-prod/1bb2565c-09cb-4430-b691-bfb3aaf140b2/ERR14098097_2.fastq.gz
dg.4DFC/a6e3d06c-72ef-57bd-83dd-aaca836093e2	d441ccb4e99868fc3b3dbaee7589c0a6	4984022416	['*']	['/open']	s3://nci-crdc-data-bucket-prod/1bb2565c-09cb-4430-b691-bfb3aaf140b2/ERR14098060_2.fastq.gz
dg.4DFC/a750e070-e9bf-55e8-91e5-722b46cf7d47	ba533e539990249f021c5bc8b67fd697	8841791129	['*']	['/open']	s3://nci-crdc-data-bucket-prod/1bb2565c-09cb-4430-b691-bfb3aaf140b2/ERR14102047_2.fastq.gz
dg.4DFC/a75deb69-43a5-514a-becc-010752cde7a6	1ff1d25eba666a799db9f1c1c73aba01	4376496846	['*']	['/open']	s3://nci-crdc-data-bucket-prod/1bb2565c-09cb-4430-b691-bfb3aaf140b2/ERR14099637_2.fastq.gz
dg.4DFC/a77788cf-4ec0-5095-85a0-42a299964378	064f0a1338f2319117f9e2406b82edbd	5337091146	['*']	['/open']	s3://nci-crdc-data-bucket-prod/1bb2565c-09cb-4430-b691-bfb3aaf140b2/ERR14102114_2.fastq.gz
dg.4DFC/a7b70655-f97d-5733-b4b2-e787b9d18de1	430d2e87862b1369e9f98a96f147c69b	5704363976	['*']	['/open']	s3://nci-crdc-data-bucket-prod/1bb2565c-09cb-4430-b691-bfb3aaf140b2/ERR14103093_2.fastq.gz
dg.4DFC/a7c5a48c-f565-5d62-9036-19ed3e7e89fa	10d39d1a80eaf2faea44d3f8b18690c6	8196633154	['*']	['/open']	s3://nci-crdc-data-bucket-prod/1bb2565c-09cb-4430-b691-bfb3aaf140b2/ERR14102018_2.fastq.gz
dg.4DFC/a84409c5-9c2e-5b24-936d-806bbf58a873	8c30c328ff39aa662fceb6c56bc9d71f	5582809746	['*']	['/open']	s3://nci-crdc-data-bucket-prod/1bb2565c-09cb-4430-b691-bfb3aaf140b2/ERR14102036_1.fastq.gz
dg.4DFC/a8f4d760-7a9e-55be-ac0f-fc27958f9195	2a57a87091cea01b91f2f568190ac570	7665300210	['*']	['/open']	s3://nci-crdc-data-bucket-prod/1bb2565c-09cb-4430-b691-bfb3aaf140b2/ERR14102112_1.fastq.gz
dg.4DFC/a9329136-fa1d-52e7-8ea0-15f881de9ad1	365a0a4b3025b173f7a0629cc42133c8	5128791945	['*']	['/open']	s3://nci-crdc-data-bucket-prod/1bb2565c-09cb-4430-b691-bfb3aaf140b2/ERR14102076_1.fastq.gz
dg.4DFC/a9ae6ba4-90a7-5461-8aa0-42a47ef8f786	d49bebaae75337f779d1b0385728f1a2	2439567532	['*']	['/open']	s3://nci-crdc-data-bucket-prod/1bb2565c-09cb-4430-b691-bfb3aaf140b2/ERR14096182_2.fastq.gz
dg.4DFC/aa19281c-1339-587a-9aba-4c5f3357136b	a403ea61fae76b1f80cf40a32cd08104	8955412367	['*']	['/open']	s3://nci-crdc-data-bucket-prod/1bb2565c-09cb-4430-b691-bfb3aaf140b2/ERR14102045_2.fastq.gz
dg.4DFC/aa3dffda-0adb-51e0-9571-c0cf7948b242	254d72e82b91d3da3dddba1633487a7e	4660452987	['*']	['/open']	s3://nci-crdc-data-bucket-prod/1bb2565c-09cb-4430-b691-bfb3aaf140b2/ERR14102135_2.fastq.gz
dg.4DFC/aa77d16d-c347-5430-abc3-132ba4cdb337	efbd31f68a39d3144aa1be12058162d1	3258808604	['*']	['/open']	s3://nci-crdc-data-bucket-prod/1bb2565c-09cb-4430-b691-bfb3aaf140b2/ERR14096180_1.fastq.gz
dg.4DFC/aaa16cbd-7218-5c32-bed9-2eb5116127b9	a15587a67ec5599edcc6957a92d6d652	5976322472	['*']	['/open']	s3://nci-crdc-data-bucket-prod/1bb2565c-09cb-4430-b691-bfb3aaf140b2/ERR14103078_2.fastq.gz
dg.4DFC/aac63f92-a7a4-5d6f-84c4-61b8aa87b366	44252ef5bb7966c4eb928cb9ed87c3e2	4125498499	['*']	['/open']	s3://nci-crdc-data-bucket-prod/1bb2565c-09cb-4430-b691-bfb3aaf140b2/ERR14102050_1.fastq.gz
dg.4DFC/aaf80e45-94d5-5279-9946-f41ab928ddb8	fc98feff850207f2b4bf9fca4950d2af	9457741266	['*']	['/open']	s3://nci-crdc-data-bucket-prod/1bb2565c-09cb-4430-b691-bfb3aaf140b2/ERR14102005_2.fastq.gz
dg.4DFC/ab4f90c9-898e-4b0e-af74-9821afdcd943	daf621ebfb8ce2567da7db6de533b3be	29654	['*']	['/open']	s3://nci-crdc-data-bucket-prod/1bb2565c-09cb-4430-b691-bfb3aaf140b2/02-T-TAK-LN-A.RCC
dg.4DFC/ab6741d4-1f0d-5ecc-b154-b991879a67c6	13dee9e053b1ef8f91437877318a0750	5712034538	['*']	['/open']	s3://nci-crdc-data-bucket-prod/1bb2565c-09cb-4430-b691-bfb3aaf140b2/ERR14102930_2.fastq.gz
dg.4DFC/aba6fd87-5bbe-5878-b4d5-6ed2bb8a2abc	711e41776a877ccd7840dbe59e611add	6544119650	['*']	['/open']	s3://nci-crdc-data-bucket-prod/1bb2565c-09cb-4430-b691-bfb3aaf140b2/ERR14101988_1.fastq.gz
dg.4DFC/abe9acf6-2124-5e6c-9134-f7bd42fa08bc	1c1ef71eb89f22fa13f53ed91f8ae372	3928890810	['*']	['/open']	s3://nci-crdc-data-bucket-prod/1bb2565c-09cb-4430-b691-bfb3aaf140b2/ERR14102927_1.fastq.gz
dg.4DFC/ac0ba56b-54f1-5a25-b577-923623fbf3b3	c43a227f3a00c5aa08a6a04c22f07207	4163644323	['*']	['/open']	s3://nci-crdc-data-bucket-prod/1bb2565c-09cb-4430-b691-bfb3aaf140b2/ERR14096174_1.fastq.gz
dg.4DFC/ac1c22a3-8282-59a5-994e-7035ab96b7e0	08c1742b04c31bec9a678f2d58cfed2e	5314556803	['*']	['/open']	s3://nci-crdc-data-bucket-prod/1bb2565c-09cb-4430-b691-bfb3aaf140b2/ERR14102977_2.fastq.gz
dg.4DFC/ac2d88fa-b800-5f53-8cd8-8b7a8b79bdc0	8e143b160b92afa1d9940189dc365043	8727894198	['*']	['/open']	s3://nci-crdc-data-bucket-prod/1bb2565c-09cb-4430-b691-bfb3aaf140b2/ERR14102006_1.fastq.gz
dg.4DFC/ac3700b7-fb3a-54da-aa05-b3fedc6bf8fe	493bd7cab8f0f180de867771f4fad8c2	5737404133	['*']	['/open']	s3://nci-crdc-data-bucket-prod/1bb2565c-09cb-4430-b691-bfb3aaf140b2/ERR14102939_2.fastq.gz
dg.4DFC/acaa294f-38ad-5ee9-8f77-d23f78779017	1a6059607aa465966010da56d9ba1228	6111604217	['*']	['/open']	s3://nci-crdc-data-bucket-prod/1bb2565c-09cb-4430-b691-bfb3aaf140b2/ERR14102002_1.fastq.gz
dg.4DFC/acbafdde-481a-5d61-b6d6-9f37d7e75dd1	07341596564c046905ffb8569df27fe1	6083473165	['*']	['/open']	s3://nci-crdc-data-bucket-prod/1bb2565c-09cb-4430-b691-bfb3aaf140b2/ERR14102140_1.fastq.gz
dg.4DFC/acbb283f-4bcd-5daa-97f0-3ae75e97d2f9	0946e9a13f0c970787dd77a4e4b2d3d7	5108285146	['*']	['/open']	s3://nci-crdc-data-bucket-prod/1bb2565c-09cb-4430-b691-bfb3aaf140b2/ERR14102121_1.fastq.gz
dg.4DFC/ad0e6f90-3474-531b-a8e5-35b9facd7d39	8525be84a6621a5191bfcea18286f7e3	2225019849	['*']	['/open']	s3://nci-crdc-data-bucket-prod/1bb2565c-09cb-4430-b691-bfb3aaf140b2/ERR14096157_2.fastq.gz
dg.4DFC/ad3cd13f-9dc3-5866-ac31-4cc4b55d3ad2	b676d0b624098bc61766f21852ddb974	8211058698	['*']	['/open']	s3://nci-crdc-data-bucket-prod/1bb2565c-09cb-4430-b691-bfb3aaf140b2/ERR14102138_2.fastq.gz
dg.4DFC/ad9f37f2-043f-5b16-ace7-cbdc5ebd929e	9ac0fc6d6d5edb9d15daa105f5def4a4	5846228176	['*']	['/open']	s3://nci-crdc-data-bucket-prod/1bb2565c-09cb-4430-b691-bfb3aaf140b2/ERR14102897_2.fastq.gz
dg.4DFC/adbf0d6d-742d-5a40-a823-b84898ac6ba2	07a5210ebfaa5827a810eea4502f409e	5131130075	['*']	['/open']	s3://nci-crdc-data-bucket-prod/1bb2565c-09cb-4430-b691-bfb3aaf140b2/ERR14102962_1.fastq.gz
dg.4DFC/ae0c4fb9-5910-5ffd-a496-16504860cdc1	c460d0e09a82fcf348c1cd4c3d38ccfa	4882479254	['*']	['/open']	s3://nci-crdc-data-bucket-prod/1bb2565c-09cb-4430-b691-bfb3aaf140b2/ERR14102053_2.fastq.gz
dg.4DFC/ae3345f2-2562-52d4-bbc1-d7ea992b887e	758101456cacf942840401bdb08c5567	3427922850	['*']	['/open']	s3://nci-crdc-data-bucket-prod/1bb2565c-09cb-4430-b691-bfb3aaf140b2/ERR14098081_1.fastq.gz
dg.4DFC/ae625cd4-c83d-59ac-b1a6-6c5e155572bc	aff23db8b130f83126f9a5985038e522	8799862321	['*']	['/open']	s3://nci-crdc-data-bucket-prod/1bb2565c-09cb-4430-b691-bfb3aaf140b2/ERR14099674_2.fastq.gz
dg.4DFC/af8eb082-08a6-590f-8bce-4f0afdbfd8f4	1a55fe49f504619a602420c70a85afb6	5916135835	['*']	['/open']	s3://nci-crdc-data-bucket-prod/1bb2565c-09cb-4430-b691-bfb3aaf140b2/ERR14099603_1.fastq.gz
dg.4DFC/afaa0e7b-898a-5605-8ad7-1e8e0585db33	c696248c2396378b5e730dc7df7ab15b	4389080686	['*']	['/open']	s3://nci-crdc-data-bucket-prod/1bb2565c-09cb-4430-b691-bfb3aaf140b2/ERR14099664_2.fastq.gz
dg.4DFC/afd9338a-f26a-5bbc-a0fd-ebf72629481c	0aef2b9947e7cf97ed70c2bb9cc3a51d	18307280539	['*']	['/open']	s3://nci-crdc-data-bucket-prod/1bb2565c-09cb-4430-b691-bfb3aaf140b2/ERR14099623_2.fastq.gz
dg.4DFC/b0077013-333e-5ff2-b780-108dfc5a3b2c	f1a560e99f98d6fb65e7f556775acc76	20514480531	['*']	['/open']	s3://nci-crdc-data-bucket-prod/1bb2565c-09cb-4430-b691-bfb3aaf140b2/ERR14099607_2.fastq.gz
dg.4DFC/b02f07a0-3e2e-5986-9edf-eee75ed7818e	24bc41907b9b4d935676753d8a6cc4d5	5526713420	['*']	['/open']	s3://nci-crdc-data-bucket-prod/1bb2565c-09cb-4430-b691-bfb3aaf140b2/ERR14098063_1.fastq.gz
dg.4DFC/b044fc65-dd08-4461-beb7-07970a859091	ec38eed7a146ad536ebce87546710e3a	29675	['*']	['/open']	s3://nci-crdc-data-bucket-prod/1bb2565c-09cb-4430-b691-bfb3aaf140b2/04-T-DOXRV1001-LN-D.RCC
dg.4DFC/b0589887-0220-57b7-8e31-0670ce37e276	c449eb32386001137fea9a4c3c9c1075	4149269115	['*']	['/open']	s3://nci-crdc-data-bucket-prod/1bb2565c-09cb-4430-b691-bfb3aaf140b2/ERR14098097_1.fastq.gz
dg.4DFC/b09a8126-3791-5977-94e5-52cf6c0ef0ed	705f7f92840d43af554d7af44240791a	3113264557	['*']	['/open']	s3://nci-crdc-data-bucket-prod/1bb2565c-09cb-4430-b691-bfb3aaf140b2/ERR14096184_1.fastq.gz
dg.4DFC/b0acfe61-001a-5db1-ab1c-711caa32c1cb	153c6014f275248b5435f0f98af2f6a4	5917753888	['*']	['/open']	s3://nci-crdc-data-bucket-prod/1bb2565c-09cb-4430-b691-bfb3aaf140b2/ERR14102088_2.fastq.gz
dg.4DFC/b0b60d76-73e6-5cb0-b868-ae102ad2e287	c16f2dd70de2bf0f8505eea4ead2e9a3	24373526509	['*']	['/open']	s3://nci-crdc-data-bucket-prod/1bb2565c-09cb-4430-b691-bfb3aaf140b2/ERR14099617_2.fastq.gz
dg.4DFC/b0c20401-082c-5373-8fb3-2cbf039b66da	44c2a2e32f64541de414e3111f28ae25	13577882557	['*']	['/open']	s3://nci-crdc-data-bucket-prod/1bb2565c-09cb-4430-b691-bfb3aaf140b2/ERR14102096_2.fastq.gz
dg.4DFC/b10fcba2-91d9-5f62-9384-1e8c381b785d	02059da17624ca5a658bf1748871c40d	5591702243	['*']	['/open']	s3://nci-crdc-data-bucket-prod/1bb2565c-09cb-4430-b691-bfb3aaf140b2/ERR14102891_1.fastq.gz
dg.4DFC/b1436670-256f-5197-975b-03c7539d9988	627fb98743fb4959b3dae79ce2198e92	7950581749	['*']	['/open']	s3://nci-crdc-data-bucket-prod/1bb2565c-09cb-4430-b691-bfb3aaf140b2/ERR14102109_1.fastq.gz
dg.4DFC/b1d6bada-8e60-5aaf-87b7-37af07ed4b3c	8cfdc49f312491473f225229f7724ee7	19281431842	['*']	['/open']	s3://nci-crdc-data-bucket-prod/1bb2565c-09cb-4430-b691-bfb3aaf140b2/ERR14099632_1.fastq.gz
dg.4DFC/b30cbc3e-ae12-5a02-934f-2e85107bd7cb	45e318c12726eb131f9c1fa6dd895c6c	6078715087	['*']	['/open']	s3://nci-crdc-data-bucket-prod/1bb2565c-09cb-4430-b691-bfb3aaf140b2/ERR14099618_2.fastq.gz
dg.4DFC/b3816b4c-0f6f-51c4-ba62-72c19832e8e1	7eb6a8a14487d478afe1bce3ba105f6e	5697320228	['*']	['/open']	s3://nci-crdc-data-bucket-prod/1bb2565c-09cb-4430-b691-bfb3aaf140b2/ERR14102077_2.fastq.gz
dg.4DFC/b3eeba0e-cd3f-5628-bac8-7f5449df1914	9a2fa30e781bc89c6c645b01065a15ba	4900964548	['*']	['/open']	s3://nci-crdc-data-bucket-prod/1bb2565c-09cb-4430-b691-bfb3aaf140b2/ERR14102128_1.fastq.gz
dg.4DFC/b415097f-a977-5b0b-a8cb-d06c0dd42d0d	4325251588697ac7a3d3fe2baf911d3a	5630241061	['*']	['/open']	s3://nci-crdc-data-bucket-prod/1bb2565c-09cb-4430-b691-bfb3aaf140b2/ERR14099627_2.fastq.gz
dg.4DFC/b41b22a5-70f0-5ec5-b786-a86755fe3af2	c68ac6a97949d7ed31ec52283d9dda8e	5188830931	['*']	['/open']	s3://nci-crdc-data-bucket-prod/1bb2565c-09cb-4430-b691-bfb3aaf140b2/ERR14102926_1.fastq.gz
dg.4DFC/b486f0f2-6e27-5591-8b36-8ffee9c3a495	b374f6dca7011de99430eb6c5b938113	7507499352	['*']	['/open']	s3://nci-crdc-data-bucket-prod/1bb2565c-09cb-4430-b691-bfb3aaf140b2/ERR14102960_1.fastq.gz
dg.4DFC/b4a5fb7f-f4b8-58f3-9f4d-a20c9c3e1525	701c58de4f4b170264766eb97fe427aa	5926704852	['*']	['/open']	s3://nci-crdc-data-bucket-prod/1bb2565c-09cb-4430-b691-bfb3aaf140b2/ERR14101996_2.fastq.gz
dg.4DFC/b4eccb1f-1ee4-52cd-8ec8-c6621cc525c2	a5aab83bacdec3687147238ea979e1ab	7019481962	['*']	['/open']	s3://nci-crdc-data-bucket-prod/1bb2565c-09cb-4430-b691-bfb3aaf140b2/ERR14102921_1.fastq.gz
dg.4DFC/b594f833-8193-5898-969c-65b83e3f8cad	123469c8f8520f6b9bb178aa5242330c	5112957018	['*']	['/open']	s3://nci-crdc-data-bucket-prod/1bb2565c-09cb-4430-b691-bfb3aaf140b2/ERR14102120_1.fastq.gz
dg.4DFC/b5cbc4df-67e7-5cd3-b6b2-7c5f7d9b1b24	cdbcd4bd5c90666804d2fedc6757610f	5326523008	['*']	['/open']	s3://nci-crdc-data-bucket-prod/1bb2565c-09cb-4430-b691-bfb3aaf140b2/ERR14102080_1.fastq.gz
dg.4DFC/b61f2ae6-4b25-5983-a62b-45f9d2d2b923	06c3329748d18ba7f44a334a37de0c47	6212540171	['*']	['/open']	s3://nci-crdc-data-bucket-prod/1bb2565c-09cb-4430-b691-bfb3aaf140b2/ERR14102903_2.fastq.gz
dg.4DFC/b6e05ac8-ebd4-52a5-991e-02946e96d1d0	b11fcc667b1757a24650ddaf57d27822	6982837998	['*']	['/open']	s3://nci-crdc-data-bucket-prod/1bb2565c-09cb-4430-b691-bfb3aaf140b2/ERR14102986_1.fastq.gz
dg.4DFC/b770ba32-a1ca-509b-8b4d-bf5639d3f110	42760470cb16341808ea1c3132b9fea6	5916913295	['*']	['/open']	s3://nci-crdc-data-bucket-prod/1bb2565c-09cb-4430-b691-bfb3aaf140b2/ERR14102022_2.fastq.gz
dg.4DFC/b7a95e0a-6797-5d75-9371-6a1e2ee88ff2	ac1f8ae4654d1c745e0e845147b9c616	4502190023	['*']	['/open']	s3://nci-crdc-data-bucket-prod/1bb2565c-09cb-4430-b691-bfb3aaf140b2/ERR14099681_1.fastq.gz
dg.4DFC/b820a8f5-78b1-5df3-9bef-ba2d5e4ce4e7	e7729ca0aa3b685dfdeec6340929cda1	5745504762	['*']	['/open']	s3://nci-crdc-data-bucket-prod/1bb2565c-09cb-4430-b691-bfb3aaf140b2/ERR14102957_1.fastq.gz
dg.4DFC/b859c856-dc34-56ed-b09b-651fb3d9f561	4e0a96af00beaef85db46a4c1c92cdd8	5930620901	['*']	['/open']	s3://nci-crdc-data-bucket-prod/1bb2565c-09cb-4430-b691-bfb3aaf140b2/ERR14102041_1.fastq.gz
dg.4DFC/b85aa615-7aad-535e-86d6-4d55fce35307	a0418dc13537e81e74dbb0ba59c8427f	3404261295	['*']	['/open']	s3://nci-crdc-data-bucket-prod/1bb2565c-09cb-4430-b691-bfb3aaf140b2/ERR14096190_2.fastq.gz
dg.4DFC/b86c7024-aa04-5a35-8955-def476f162e1	47eb0a17ce34984648a3e8448f701bf6	3111161984	['*']	['/open']	s3://nci-crdc-data-bucket-prod/1bb2565c-09cb-4430-b691-bfb3aaf140b2/ERR14096186_1.fastq.gz
dg.4DFC/b89c494e-e8dd-5cfb-8538-4a527f708b6b	dfd3cb7f64118077e1c5eefa72f2369a	5703357231	['*']	['/open']	s3://nci-crdc-data-bucket-prod/1bb2565c-09cb-4430-b691-bfb3aaf140b2/ERR14102080_2.fastq.gz
dg.4DFC/b8b7306d-c507-51e5-9a41-c98752af133b	385ec2f6366ef14b426af3113e45bf15	5818115067	['*']	['/open']	s3://nci-crdc-data-bucket-prod/1bb2565c-09cb-4430-b691-bfb3aaf140b2/ERR14099671_2.fastq.gz
dg.4DFC/b8e68f59-28c3-5d4a-9b9c-e412e795d250	344a9e0a28172ea74097ea1d293f9b65	5531941437	['*']	['/open']	s3://nci-crdc-data-bucket-prod/1bb2565c-09cb-4430-b691-bfb3aaf140b2/ERR14102964_2.fastq.gz
dg.4DFC/b909f099-ddac-4691-8607-13548f38a65e	85d69eafcc706fd9df5558b4dafd1ed6	29667	['*']	['/open']	s3://nci-crdc-data-bucket-prod/1bb2565c-09cb-4430-b691-bfb3aaf140b2/01-T-TAK-LN-D.RCC
dg.4DFC/b962e643-7bff-58e1-9cce-f4b163d1a6d1	352428170fa3a14048e67ef1cd8eba4d	5483882988	['*']	['/open']	s3://nci-crdc-data-bucket-prod/1bb2565c-09cb-4430-b691-bfb3aaf140b2/ERR14102897_1.fastq.gz
dg.4DFC/b99037fa-071b-590e-9c3d-910a43787bc4	9a8cb8308fc0ecb93f184492fad90c66	7744234193	['*']	['/open']	s3://nci-crdc-data-bucket-prod/1bb2565c-09cb-4430-b691-bfb3aaf140b2/ERR14102961_2.fastq.gz
dg.4DFC/ba23c896-75ab-5bea-8b9e-71d589a846f9	1a6c06cefb3297e6ee9cc86e7c203396	19630461886	['*']	['/open']	s3://nci-crdc-data-bucket-prod/1bb2565c-09cb-4430-b691-bfb3aaf140b2/ERR14099598_2.fastq.gz
dg.4DFC/ba5a4605-5a1e-5348-a5ad-9608419ad3f8	9bff7d8cdc5cfc4b70edac10831d65a4	5476085672	['*']	['/open']	s3://nci-crdc-data-bucket-prod/1bb2565c-09cb-4430-b691-bfb3aaf140b2/ERR14102910_2.fastq.gz
dg.4DFC/bb0b3c03-bf09-5f23-b1e3-7d3ea200a959	caf840ce0f977228b175bd6bd68411cc	3178635183	['*']	['/open']	s3://nci-crdc-data-bucket-prod/1bb2565c-09cb-4430-b691-bfb3aaf140b2/ERR14096186_2.fastq.gz
dg.4DFC/bb3fea8a-cc84-5f96-8704-f6651ad470d1	44e4f4376ac23bc61d75730495c4a970	4826391704	['*']	['/open']	s3://nci-crdc-data-bucket-prod/1bb2565c-09cb-4430-b691-bfb3aaf140b2/ERR14098055_2.fastq.gz
dg.4DFC/bba4ffcb-4cfb-5128-8dc5-d4f7b05999ab	9d587fbf9989b978989af984b0d17b64	8468861560	['*']	['/open']	s3://nci-crdc-data-bucket-prod/1bb2565c-09cb-4430-b691-bfb3aaf140b2/ERR14102907_2.fastq.gz
dg.4DFC/bbbaf7a6-bb61-5d2c-8a3f-8bb3537d1a68	409238b25279b8a6ce7616fa7e749176	2395757143	['*']	['/open']	s3://nci-crdc-data-bucket-prod/1bb2565c-09cb-4430-b691-bfb3aaf140b2/ERR14096192_1.fastq.gz
dg.4DFC/bbc6f322-466d-555e-a993-e7e03e809a5c	04b211acc37a4b855b108466e77f9991	4874972143	['*']	['/open']	s3://nci-crdc-data-bucket-prod/1bb2565c-09cb-4430-b691-bfb3aaf140b2/ERR14102967_2.fastq.gz
dg.4DFC/bbc90201-4f29-5234-a119-2e960defabad	a4dae905d0f902cf9b593338a718ee96	2145905803	['*']	['/open']	s3://nci-crdc-data-bucket-prod/1bb2565c-09cb-4430-b691-bfb3aaf140b2/ERR14096202_1.fastq.gz
dg.4DFC/bbdcdcd0-35e1-5cd7-a2fc-26f53a5bc199	60974ce8641e7ecf2feaae3a55a84038	10054050582	['*']	['/open']	s3://nci-crdc-data-bucket-prod/1bb2565c-09cb-4430-b691-bfb3aaf140b2/ERR14102971_1.fastq.gz
dg.4DFC/bbf861c4-11f3-5c09-a41f-67ebdae6c748	28999d13a0a45c736a1f94f48e61f1ae	5285209369	['*']	['/open']	s3://nci-crdc-data-bucket-prod/1bb2565c-09cb-4430-b691-bfb3aaf140b2/ERR14102129_2.fastq.gz
dg.4DFC/bc281d16-5a00-52fe-b5aa-2175587cc4c6	d9f00b42382e88d9a4fb0f82da2f57b8	4885399690	['*']	['/open']	s3://nci-crdc-data-bucket-prod/1bb2565c-09cb-4430-b691-bfb3aaf140b2/ERR14102126_1.fastq.gz
dg.4DFC/bc34c5c5-8d40-509a-a801-6111d7d2dd85	c108779e39042d946cf19c8fc7afb6da	7777835563	['*']	['/open']	s3://nci-crdc-data-bucket-prod/1bb2565c-09cb-4430-b691-bfb3aaf140b2/ERR14101991_1.fastq.gz
dg.4DFC/bc6a213f-e541-5898-ab95-db2109fd5fc9	fa5ee7c1d84a7e8749f75a48e53ccb97	5380160407	['*']	['/open']	s3://nci-crdc-data-bucket-prod/1bb2565c-09cb-4430-b691-bfb3aaf140b2/ERR14102965_1.fastq.gz
dg.4DFC/bcb5c3af-e81b-5f1f-b86c-a374159d248a	bc90a72c2380a2636bead3cf2803da7b	5428888106	['*']	['/open']	s3://nci-crdc-data-bucket-prod/1bb2565c-09cb-4430-b691-bfb3aaf140b2/ERR14102968_1.fastq.gz
dg.4DFC/bcfebeb9-d645-57d7-80a6-d1132fbbdccb	b274ebba1416d971bf5a59eb592af9f0	6177719456	['*']	['/open']	s3://nci-crdc-data-bucket-prod/1bb2565c-09cb-4430-b691-bfb3aaf140b2/ERR14101999_2.fastq.gz
dg.4DFC/bd876a77-5557-5cae-b1a9-0eea2aa4b74b	fcfe0f10083d9ab1c8c88e26d3d3ac51	4519904528	['*']	['/open']	s3://nci-crdc-data-bucket-prod/1bb2565c-09cb-4430-b691-bfb3aaf140b2/ERR14102079_1.fastq.gz
dg.4DFC/bda929a9-9fb1-5560-afd0-96f29896c517	3f8b7615675e877c4c090c7c80cafa76	5101038997	['*']	['/open']	s3://nci-crdc-data-bucket-prod/1bb2565c-09cb-4430-b691-bfb3aaf140b2/ERR14102936_1.fastq.gz
dg.4DFC/bdfba7fa-d54f-5bf2-aa60-b2edcd465785	2850c571acd1f03fe9adfa8091bc1cc2	5107554041	['*']	['/open']	s3://nci-crdc-data-bucket-prod/1bb2565c-09cb-4430-b691-bfb3aaf140b2/ERR14102074_1.fastq.gz
dg.4DFC/be193a5d-e672-5429-85e2-5f8c554fab1a	89d95d29e4216ca9992bd96755171fd2	7407230161	['*']	['/open']	s3://nci-crdc-data-bucket-prod/1bb2565c-09cb-4430-b691-bfb3aaf140b2/ERR14102961_1.fastq.gz
dg.4DFC/be3efa41-609d-592a-814d-9c04ab93bfac	e20b86c46b28fa6d66369eb4212874f1	8280409622	['*']	['/open']	s3://nci-crdc-data-bucket-prod/1bb2565c-09cb-4430-b691-bfb3aaf140b2/ERR14102110_2.fastq.gz
dg.4DFC/be420dc3-9b9d-5924-ae53-a61f79c8fbdd	7fe2f1ebab4ab3cc09a5ba20a2b16a60	3445250560	['*']	['/open']	s3://nci-crdc-data-bucket-prod/1bb2565c-09cb-4430-b691-bfb3aaf140b2/ERR14098076_2.fastq.gz
dg.4DFC/be594382-f28c-56b9-bc86-bb8e2aac3bea	a6d0e255d6726ff6784cfccd6c555b60	7859477023	['*']	['/open']	s3://nci-crdc-data-bucket-prod/1bb2565c-09cb-4430-b691-bfb3aaf140b2/ERR14102073_2.fastq.gz
dg.4DFC/bea02df8-95af-5708-8404-a5d5b0cf0621	4d85115f48522ad981654810a528d7e1	3312517064	['*']	['/open']	s3://nci-crdc-data-bucket-prod/1bb2565c-09cb-4430-b691-bfb3aaf140b2/ERR14096164_2.fastq.gz
dg.4DFC/beadee86-6a27-537f-b07b-14129b44077a	76c86302549c418a2a967f73a6d3ddd6	8437778627	['*']	['/open']	s3://nci-crdc-data-bucket-prod/1bb2565c-09cb-4430-b691-bfb3aaf140b2/ERR14102083_1.fastq.gz
dg.4DFC/bed8b13d-b74c-49b8-aed9-babfc6532b27	c19593e1032cc02200d06978262981af	29609	['*']	['/open']	s3://nci-crdc-data-bucket-prod/1bb2565c-09cb-4430-b691-bfb3aaf140b2/05-T-KPT-LN-D.RCC
dg.4DFC/bf4ca8a2-1571-51d6-89d2-2e04cd638162	3c9ad78165718877421e9d42ddc5ac26	5552633265	['*']	['/open']	s3://nci-crdc-data-bucket-prod/1bb2565c-09cb-4430-b691-bfb3aaf140b2/ERR14102963_2.fastq.gz
dg.4DFC/c019fad5-7298-5a1b-a87e-266c68b289a4	182364875831fbd8cdd3654919241180	3384675427	['*']	['/open']	s3://nci-crdc-data-bucket-prod/1bb2565c-09cb-4430-b691-bfb3aaf140b2/ERR14096191_1.fastq.gz
dg.4DFC/c028b3de-7a56-540e-8993-799e2aa78f8e	dab46da5a94d3c668a1c8a8cb2eef956	3431210796	['*']	['/open']	s3://nci-crdc-data-bucket-prod/1bb2565c-09cb-4430-b691-bfb3aaf140b2/ERR14102940_2.fastq.gz
dg.4DFC/c0595758-1076-5ea8-a2c9-063a4d516d63	a13ada0aeb0ec8eb32051f1afee77555	3339571704	['*']	['/open']	s3://nci-crdc-data-bucket-prod/1bb2565c-09cb-4430-b691-bfb3aaf140b2/ERR14096180_2.fastq.gz
dg.4DFC/c0a915c0-9b18-5369-ac04-eccb0bad4182	e82a583a70c4ea007324196ca7757b75	6252260642	['*']	['/open']	s3://nci-crdc-data-bucket-prod/1bb2565c-09cb-4430-b691-bfb3aaf140b2/ERR14102012_2.fastq.gz
dg.4DFC/c0fa475e-6e16-5ab4-b51d-ce12fc19bf8f	7dfb2a6a9859504feeaebba496e3f50a	4631768503	['*']	['/open']	s3://nci-crdc-data-bucket-prod/1bb2565c-09cb-4430-b691-bfb3aaf140b2/ERR14102893_2.fastq.gz
dg.4DFC/c12a8a96-1a50-5e1a-b986-a55c8f003ea7	f33527aea19e89759131a0f6f365fb7f	4467425911	['*']	['/open']	s3://nci-crdc-data-bucket-prod/1bb2565c-09cb-4430-b691-bfb3aaf140b2/ERR14099688_1.fastq.gz
dg.4DFC/c17d03ee-69a6-505a-94a7-54be22a80482	c9f1de6a5b0b84051c6f2cb09114ee2c	5776457326	['*']	['/open']	s3://nci-crdc-data-bucket-prod/1bb2565c-09cb-4430-b691-bfb3aaf140b2/ERR14102913_2.fastq.gz
dg.4DFC/c19916d8-e4f4-57c0-8088-8e2c02b2c32b	2f9a420ec6119ded66369e9a242b5760	5862578629	['*']	['/open']	s3://nci-crdc-data-bucket-prod/1bb2565c-09cb-4430-b691-bfb3aaf140b2/ERR14102918_2.fastq.gz
dg.4DFC/c1a9e60e-4e3f-5c03-8697-514ddf1bd335	9a15bb151829d47b62e482d240a104e8	25800416680	['*']	['/open']	s3://nci-crdc-data-bucket-prod/1bb2565c-09cb-4430-b691-bfb3aaf140b2/ERR14099660_2.fastq.gz
dg.4DFC/c1c66cbe-783e-57af-9e18-489f1c0de581	2676f784166051a228c3955a3c1b7bcf	5363465499	['*']	['/open']	s3://nci-crdc-data-bucket-prod/1bb2565c-09cb-4430-b691-bfb3aaf140b2/ERR14103089_2.fastq.gz
dg.4DFC/c2014574-f49c-5bfe-aa77-f7b221c20005	96191770cd4c1ac9975ad02bd16560b1	5469093663	['*']	['/open']	s3://nci-crdc-data-bucket-prod/1bb2565c-09cb-4430-b691-bfb3aaf140b2/ERR14102001_2.fastq.gz
dg.4DFC/c2265141-5995-5515-b2a7-675f7b95b4ab	573e60f1eabe19152155a8ac2d7938cb	5546618673	['*']	['/open']	s3://nci-crdc-data-bucket-prod/1bb2565c-09cb-4430-b691-bfb3aaf140b2/ERR14102144_2.fastq.gz
dg.4DFC/c23413d5-c44a-5d40-82e4-30b8409ac6a2	145dbcddf27544a7a1e7f1b230b8865c	4094947168	['*']	['/open']	s3://nci-crdc-data-bucket-prod/1bb2565c-09cb-4430-b691-bfb3aaf140b2/ERR14098058_1.fastq.gz
dg.4DFC/c2672388-c193-5c2b-8ed5-c18f74f0dfd7	f5eaf804e04f51e04b9e457fe4074ed8	6173897542	['*']	['/open']	s3://nci-crdc-data-bucket-prod/1bb2565c-09cb-4430-b691-bfb3aaf140b2/ERR14102100_2.fastq.gz
dg.4DFC/c28258f8-c5bf-586c-ade1-65d6ef282576	40864f859412635ea1cec34aa72a61c2	5904362785	['*']	['/open']	s3://nci-crdc-data-bucket-prod/1bb2565c-09cb-4430-b691-bfb3aaf140b2/ERR14102891_2.fastq.gz
dg.4DFC/c2d2b237-c4db-5e50-842e-2ddb035ad6f0	11f3134ba4d6fe06829f4ccf3cd838b3	7174309905	['*']	['/open']	s3://nci-crdc-data-bucket-prod/1bb2565c-09cb-4430-b691-bfb3aaf140b2/ERR14102987_2.fastq.gz
dg.4DFC/c33490ae-688a-5aab-b845-645158aa9dcc	ad8600610e1540460ebc6ac13538f310	5631794367	['*']	['/open']	s3://nci-crdc-data-bucket-prod/1bb2565c-09cb-4430-b691-bfb3aaf140b2/ERR14102061_2.fastq.gz
dg.4DFC/c36f1683-4297-55e9-b373-328210927adc	9c0feb28ddcdd79a2e44fd14c276e528	6454079643	['*']	['/open']	s3://nci-crdc-data-bucket-prod/1bb2565c-09cb-4430-b691-bfb3aaf140b2/ERR14102895_1.fastq.gz
dg.4DFC/c3e2fc6f-5241-5779-bd53-289e547ea5c3	d582af5b24fc55403138ce6f58edd37f	5934642330	['*']	['/open']	s3://nci-crdc-data-bucket-prod/1bb2565c-09cb-4430-b691-bfb3aaf140b2/ERR14099670_2.fastq.gz
dg.4DFC/c3eeb136-cffe-5cec-8995-a3aa0c27298b	771e355bd618b37de6650370ec5a1324	4196459261	['*']	['/open']	s3://nci-crdc-data-bucket-prod/1bb2565c-09cb-4430-b691-bfb3aaf140b2/ERR14096175_2.fastq.gz
dg.4DFC/c4850320-4f96-5b7c-b9c5-253755241563	c64af012de77e243aa6fd099057d3515	3734595835	['*']	['/open']	s3://nci-crdc-data-bucket-prod/1bb2565c-09cb-4430-b691-bfb3aaf140b2/ERR14102914_2.fastq.gz
dg.4DFC/c491f76a-3ed5-521f-a0cf-c210b425b48e	4a96c8773912713cea50266a523f55d4	6113826735	['*']	['/open']	s3://nci-crdc-data-bucket-prod/1bb2565c-09cb-4430-b691-bfb3aaf140b2/ERR14102145_1.fastq.gz
dg.4DFC/c49d7307-0323-5b73-93c1-28a553e77a6d	7357d4000439688f5f4236e43695ff5a	6112019763	['*']	['/open']	s3://nci-crdc-data-bucket-prod/1bb2565c-09cb-4430-b691-bfb3aaf140b2/ERR14102004_1.fastq.gz
dg.4DFC/c5d5aa23-b5c7-533a-9caa-9d1bc70bb3cd	62976972fa9bfd4ef5eb6c3957846ae9	7352251922	['*']	['/open']	s3://nci-crdc-data-bucket-prod/1bb2565c-09cb-4430-b691-bfb3aaf140b2/ERR14101985_1.fastq.gz
dg.4DFC/c70460cf-baaf-5181-a1f4-4c7563d53131	249b76eb4d5e47063b252e12b3c2468d	5512893419	['*']	['/open']	s3://nci-crdc-data-bucket-prod/1bb2565c-09cb-4430-b691-bfb3aaf140b2/ERR14099697_2.fastq.gz
dg.4DFC/c759571e-91f7-50f7-94a2-7c85302ee7dc	974f049164ac817d65c8215f514d7c7f	6875835749	['*']	['/open']	s3://nci-crdc-data-bucket-prod/1bb2565c-09cb-4430-b691-bfb3aaf140b2/ERR14102875_2.fastq.gz
dg.4DFC/c786b3b0-45f7-5068-aa94-390e2a73ad80	bbd1ede47d96554535f6d346384f77e5	4646731886	['*']	['/open']	s3://nci-crdc-data-bucket-prod/1bb2565c-09cb-4430-b691-bfb3aaf140b2/ERR14103091_1.fastq.gz
dg.4DFC/c80c7945-afd6-5f40-b89a-696101782995	79f642034155899799a33d970b1aef7a	4843480821	['*']	['/open']	s3://nci-crdc-data-bucket-prod/1bb2565c-09cb-4430-b691-bfb3aaf140b2/ERR14099688_2.fastq.gz
dg.4DFC/c883eb0e-fd72-5f73-9082-2882ee30aa98	98aebc05c2db35882ec1ffb4ef8b4438	4860985492	['*']	['/open']	s3://nci-crdc-data-bucket-prod/1bb2565c-09cb-4430-b691-bfb3aaf140b2/ERR14102092_1.fastq.gz
dg.4DFC/c891bffc-673e-5626-8416-e588e0a74096	1a8cd5fb6be9ffc47260b95d5dcb6ae0	6093413018	['*']	['/open']	s3://nci-crdc-data-bucket-prod/1bb2565c-09cb-4430-b691-bfb3aaf140b2/ERR14098106_2.fastq.gz
dg.4DFC/c92d8c7b-6f62-5bbd-bf08-490138942076	729a488ae069b5e43fc121505d7910ce	6118438645	['*']	['/open']	s3://nci-crdc-data-bucket-prod/1bb2565c-09cb-4430-b691-bfb3aaf140b2/ERR14102139_2.fastq.gz
dg.4DFC/c9673977-7687-5fce-b876-a27d3173b2c3	e4864ad4c5646eb66acc4025755ad763	4574817374	['*']	['/open']	s3://nci-crdc-data-bucket-prod/1bb2565c-09cb-4430-b691-bfb3aaf140b2/ERR14102967_1.fastq.gz
dg.4DFC/c9736def-ad22-5233-b45e-28a91671271c	2384779ae7b966b97c5db6db523e662f	3162979120	['*']	['/open']	s3://nci-crdc-data-bucket-prod/1bb2565c-09cb-4430-b691-bfb3aaf140b2/ERR14096185_2.fastq.gz
dg.4DFC/ca3448b2-b418-5246-a9d8-a9e18b3c3f12	2083cd0dd5bd5702d01a5a2fd2c326a6	7211870611	['*']	['/open']	s3://nci-crdc-data-bucket-prod/1bb2565c-09cb-4430-b691-bfb3aaf140b2/ERR14102934_2.fastq.gz
dg.4DFC/cabb9538-4f07-58a3-bfaa-874ccf3cb7ae	a687f824c6182b3247db266f82b1b48b	5671889374	['*']	['/open']	s3://nci-crdc-data-bucket-prod/1bb2565c-09cb-4430-b691-bfb3aaf140b2/ERR14102075_2.fastq.gz
dg.4DFC/cae84d24-ba66-516b-880b-35a191ca64d3	c793dcc6c3fdd50093052ce2cf801341	7076939927	['*']	['/open']	s3://nci-crdc-data-bucket-prod/1bb2565c-09cb-4430-b691-bfb3aaf140b2/ERR14102086_1.fastq.gz
dg.4DFC/caeee208-075a-5506-a35f-1c6e745b5f18	79730b0d4fb57eb616d2d3777bbf753e	5442366212	['*']	['/open']	s3://nci-crdc-data-bucket-prod/1bb2565c-09cb-4430-b691-bfb3aaf140b2/ERR14102969_1.fastq.gz
dg.4DFC/cb232df7-12ab-5fdb-a8e6-839f594d2c9a	e2ace2906d5f60ac4eea0016e61b09d9	5479645719	['*']	['/open']	s3://nci-crdc-data-bucket-prod/1bb2565c-09cb-4430-b691-bfb3aaf140b2/ERR14099699_2.fastq.gz
dg.4DFC/cb2a0270-223e-5c08-9b9c-392aefd53029	e18b4c4232bde72c2e53008b09c9c3b1	6623955728	['*']	['/open']	s3://nci-crdc-data-bucket-prod/1bb2565c-09cb-4430-b691-bfb3aaf140b2/ERR14102145_2.fastq.gz
dg.4DFC/cb58cb7c-2715-5009-94cf-84433ec55af0	d1794f9a308af3c27a6346b959709f52	5237473220	['*']	['/open']	s3://nci-crdc-data-bucket-prod/1bb2565c-09cb-4430-b691-bfb3aaf140b2/ERR14102063_1.fastq.gz
dg.4DFC/cb62a125-7d15-5cdf-ba47-36193dee17bf	b11eaeab6eace13682ad6b812538cb89	6038538716	['*']	['/open']	s3://nci-crdc-data-bucket-prod/1bb2565c-09cb-4430-b691-bfb3aaf140b2/ERR14101998_2.fastq.gz
dg.4DFC/cb6fedb7-6210-53f0-ac4b-6b9c31b1eb7c	e12dce48b4bfd0471e2ffc797d817398	3541324915	['*']	['/open']	s3://nci-crdc-data-bucket-prod/1bb2565c-09cb-4430-b691-bfb3aaf140b2/ERR14102026_2.fastq.gz
dg.4DFC/cb7e4b3b-1aea-528d-bda2-b5e72c536f12	2fbb65394deb2b167a2a624a5d874311	6472969465	['*']	['/open']	s3://nci-crdc-data-bucket-prod/1bb2565c-09cb-4430-b691-bfb3aaf140b2/ERR14099602_2.fastq.gz
dg.4DFC/cba497d4-4053-523f-b16c-a15e3ee64128	0a02e2b0b95947e87bf1c852409d9312	5562720035	['*']	['/open']	s3://nci-crdc-data-bucket-prod/1bb2565c-09cb-4430-b691-bfb3aaf140b2/ERR14102009_1.fastq.gz
dg.4DFC/cbcaefde-3194-5900-b7fa-40e112f62b53	0cd7ce49c7ec2126814f675f2ff991f6	5530376051	['*']	['/open']	s3://nci-crdc-data-bucket-prod/1bb2565c-09cb-4430-b691-bfb3aaf140b2/ERR14102040_2.fastq.gz
dg.4DFC/cbd994a5-5ae1-59c6-beeb-c84f1424522b	6afd0007c97d8b1b9195543afce70d62	6164045210	['*']	['/open']	s3://nci-crdc-data-bucket-prod/1bb2565c-09cb-4430-b691-bfb3aaf140b2/ERR14102023_2.fastq.gz
dg.4DFC/cbeb1a9b-44c5-5fd6-9a6f-22a1e67f9865	3785c9c2b360920b9042947afa34e164	6798794234	['*']	['/open']	s3://nci-crdc-data-bucket-prod/1bb2565c-09cb-4430-b691-bfb3aaf140b2/ERR14102034_1.fastq.gz
dg.4DFC/cbfbc77f-1721-51a8-b163-ea27980cae16	eb7c67634064da692612060ca5ca2826	5044226842	['*']	['/open']	s3://nci-crdc-data-bucket-prod/1bb2565c-09cb-4430-b691-bfb3aaf140b2/ERR14103091_2.fastq.gz
dg.4DFC/cc037adf-83f2-54ce-9b85-c52e7eaad788	33badc7a9ed607ae1838e7cde75f0c16	4930753509	['*']	['/open']	s3://nci-crdc-data-bucket-prod/1bb2565c-09cb-4430-b691-bfb3aaf140b2/ERR14102925_1.fastq.gz
dg.4DFC/cc3d6b8b-dde5-5c64-8dbd-5495290e1094	1aff722bafc1a6143f9887a1e12323bf	3941686963	['*']	['/open']	s3://nci-crdc-data-bucket-prod/1bb2565c-09cb-4430-b691-bfb3aaf140b2/ERR14102051_1.fastq.gz
dg.4DFC/ccd40ca4-b4da-5da4-bcd1-63916d8bf40c	f8f5b49aaa8f4553960328e6b498098c	3194097103	['*']	['/open']	s3://nci-crdc-data-bucket-prod/1bb2565c-09cb-4430-b691-bfb3aaf140b2/ERR14096155_2.fastq.gz
dg.4DFC/ccf9dfa0-7694-588b-9539-19f8085b83f1	8394698b092fa85460aa5ba1db338a99	7665028478	['*']	['/open']	s3://nci-crdc-data-bucket-prod/1bb2565c-09cb-4430-b691-bfb3aaf140b2/ERR14102947_2.fastq.gz
dg.4DFC/cd42a0c2-70ae-59d0-a9f6-e421201ec4aa	5021f21c3f65f25068dbfb24366245b7	7242847841	['*']	['/open']	s3://nci-crdc-data-bucket-prod/1bb2565c-09cb-4430-b691-bfb3aaf140b2/ERR14102985_2.fastq.gz
dg.4DFC/cd9db36a-6c1e-5ccc-b653-3363eb90b486	8acac084722d85e8a11c62d3219d8e2e	6816592071	['*']	['/open']	s3://nci-crdc-data-bucket-prod/1bb2565c-09cb-4430-b691-bfb3aaf140b2/ERR14098086_1.fastq.gz
dg.4DFC/cdefb819-2b60-506b-8d8d-34cf153b84a8	645adf16b40c659797d91305362c5890	5105267502	['*']	['/open']	s3://nci-crdc-data-bucket-prod/1bb2565c-09cb-4430-b691-bfb3aaf140b2/ERR14102924_1.fastq.gz
dg.4DFC/cdf69ed8-e9e5-5c19-935e-b7a817b0eba8	1930529f11973544a06ab850dea1a018	7836438131	['*']	['/open']	s3://nci-crdc-data-bucket-prod/1bb2565c-09cb-4430-b691-bfb3aaf140b2/ERR14102959_2.fastq.gz
dg.4DFC/ce701dd8-2b17-58a0-a08f-8badd1cfa277	27703c79e3b7ce6199cb9ca147ee83f4	8378418142	['*']	['/open']	s3://nci-crdc-data-bucket-prod/1bb2565c-09cb-4430-b691-bfb3aaf140b2/ERR14102046_1.fastq.gz
dg.4DFC/ce99bafc-1f4e-5322-ab37-ffd2ea8e96d3	d9c20c4e6519a8290d20d9a70846c453	5745956671	['*']	['/open']	s3://nci-crdc-data-bucket-prod/1bb2565c-09cb-4430-b691-bfb3aaf140b2/ERR14102037_1.fastq.gz
dg.4DFC/ceb60293-198b-57da-b2c5-4e3985dda0f7	445d93977e11b22a22df00d0972ae149	4635298924	['*']	['/open']	s3://nci-crdc-data-bucket-prod/1bb2565c-09cb-4430-b691-bfb3aaf140b2/ERR14102070_1.fastq.gz
dg.4DFC/cecabb83-d816-5749-bd99-283723c5fb8e	71c9bcabad4694a994ff04b64119b2cc	9261777989	['*']	['/open']	s3://nci-crdc-data-bucket-prod/1bb2565c-09cb-4430-b691-bfb3aaf140b2/ERR14102008_2.fastq.gz
dg.4DFC/cf782e39-7cc2-5b74-9a2c-d7211d810630	212cc1f069c36b34b4a0f5457a90e659	6783604385	['*']	['/open']	s3://nci-crdc-data-bucket-prod/1bb2565c-09cb-4430-b691-bfb3aaf140b2/ERR14102882_1.fastq.gz
dg.4DFC/cf9f9d16-3fab-51da-8c0b-0db26419f339	a1220bba36d6f8defaff677c12b9d357	5489000419	['*']	['/open']	s3://nci-crdc-data-bucket-prod/1bb2565c-09cb-4430-b691-bfb3aaf140b2/ERR14102121_2.fastq.gz
dg.4DFC/cfa6fb5d-523e-5301-8a09-fa8da1d0bc9b	a88bc7efa10884e378ae9c47e9f21b00	3015835942	['*']	['/open']	s3://nci-crdc-data-bucket-prod/1bb2565c-09cb-4430-b691-bfb3aaf140b2/ERR14096201_2.fastq.gz
dg.4DFC/cfdf0e85-6677-5fa0-85d8-c1c8faa4de16	41e639138c1ad17f7791c60584c06cb5	5341675643	['*']	['/open']	s3://nci-crdc-data-bucket-prod/1bb2565c-09cb-4430-b691-bfb3aaf140b2/ERR14102949_1.fastq.gz
dg.4DFC/d06d3949-3d8b-56c0-a7d6-415550a16099	d8f41964fe77a158471bff9308f23bf0	7902154422	['*']	['/open']	s3://nci-crdc-data-bucket-prod/1bb2565c-09cb-4430-b691-bfb3aaf140b2/ERR14102058_2.fastq.gz
dg.4DFC/d0799a14-5c1c-5b23-b258-06150dcb25b8	11a57c1d5dd2274786fdf1e730882c7d	3439716431	['*']	['/open']	s3://nci-crdc-data-bucket-prod/1bb2565c-09cb-4430-b691-bfb3aaf140b2/ERR14096188_2.fastq.gz
dg.4DFC/d0a347b9-3fbf-5658-bb71-30fbeb85a2d1	c82b40b9612a68e65da13a94f6db2a10	4493328625	['*']	['/open']	s3://nci-crdc-data-bucket-prod/1bb2565c-09cb-4430-b691-bfb3aaf140b2/ERR14098105_1.fastq.gz
dg.4DFC/d0a98feb-c892-5e99-adbd-467f63588579	bcc69a0c6b50f1c8b3176e4480b71192	5444117422	['*']	['/open']	s3://nci-crdc-data-bucket-prod/1bb2565c-09cb-4430-b691-bfb3aaf140b2/ERR14099694_1.fastq.gz
dg.4DFC/d0c1df58-9c11-5ba9-a6d8-4376e39f2eb1	55c37bcc75cbba6a546546fa0a44d4b0	7849460316	['*']	['/open']	s3://nci-crdc-data-bucket-prod/1bb2565c-09cb-4430-b691-bfb3aaf140b2/ERR14102960_2.fastq.gz
dg.4DFC/d0d78c34-4569-5919-9995-9ce02511d744	f148c27438da3294dcd33e2e8389327f	5314209508	['*']	['/open']	s3://nci-crdc-data-bucket-prod/1bb2565c-09cb-4430-b691-bfb3aaf140b2/ERR14103095_1.fastq.gz
dg.4DFC/d0ec24fd-871a-5a0c-b70f-dbe7eb618a87	aab910a9f0434747af5b11e4547d9b51	6063668981	['*']	['/open']	s3://nci-crdc-data-bucket-prod/1bb2565c-09cb-4430-b691-bfb3aaf140b2/ERR14099621_2.fastq.gz
dg.4DFC/d0f15fc5-2e01-5aa9-8dcf-a832f16c2e44	bfd74bfdece7dd6c4d7409000d8759f2	5479215861	['*']	['/open']	s3://nci-crdc-data-bucket-prod/1bb2565c-09cb-4430-b691-bfb3aaf140b2/ERR14098071_2.fastq.gz
dg.4DFC/d1149a3f-fb0a-55dc-82c0-9ff1389e95fe	e301d4cd68e148ed5b6f7e21e59c331d	7182043554	['*']	['/open']	s3://nci-crdc-data-bucket-prod/1bb2565c-09cb-4430-b691-bfb3aaf140b2/ERR14098083_2.fastq.gz
dg.4DFC/d174e5a1-56b4-5249-9533-551ef9be3466	96c98113592e3216e6c73160696d9674	6419712142	['*']	['/open']	s3://nci-crdc-data-bucket-prod/1bb2565c-09cb-4430-b691-bfb3aaf140b2/ERR14099605_2.fastq.gz
dg.4DFC/d1a80123-678f-5bc2-b23b-dd1be626e3bb	9f9c5cec18e185d95bf201e55b6db776	5253160220	['*']	['/open']	s3://nci-crdc-data-bucket-prod/1bb2565c-09cb-4430-b691-bfb3aaf140b2/ERR14098059_2.fastq.gz
dg.4DFC/d1aa2117-bb41-5a0a-a5d9-aa0daeea4abe	e5f295ae7c425fb21195e7ecaa38fd9c	5982773193	['*']	['/open']	s3://nci-crdc-data-bucket-prod/1bb2565c-09cb-4430-b691-bfb3aaf140b2/ERR14102035_2.fastq.gz
dg.4DFC/d1f20c68-6a74-572e-b9ba-97943370651f	518f75a8653fab1577de3a4aa8a239a4	5125496181	['*']	['/open']	s3://nci-crdc-data-bucket-prod/1bb2565c-09cb-4430-b691-bfb3aaf140b2/ERR14102912_1.fastq.gz
dg.4DFC/d24b8f78-7b66-5469-bb8a-44a353b5b241	1c0b4ec67e2133d6c8126ee66be14235	5698001540	['*']	['/open']	s3://nci-crdc-data-bucket-prod/1bb2565c-09cb-4430-b691-bfb3aaf140b2/ERR14098108_1.fastq.gz
dg.4DFC/d264d5e6-8af6-599c-800b-0baee4bf3b7a	a8325b481f4c15b8a740163df3101c22	6475406624	['*']	['/open']	s3://nci-crdc-data-bucket-prod/1bb2565c-09cb-4430-b691-bfb3aaf140b2/ERR14102146_2.fastq.gz
dg.4DFC/d26a7a11-20fb-5887-b91e-ef73e1599a97	4f43badd5086695201fb7d48715c9764	7567485691	['*']	['/open']	s3://nci-crdc-data-bucket-prod/1bb2565c-09cb-4430-b691-bfb3aaf140b2/ERR14102044_1.fastq.gz
dg.4DFC/d2b76580-58b9-50b6-b71f-0385eeb7797f	a35539edb937bcf7c570b25b3fec67f8	8365961963	['*']	['/open']	s3://nci-crdc-data-bucket-prod/1bb2565c-09cb-4430-b691-bfb3aaf140b2/ERR14099675_1.fastq.gz
dg.4DFC/d3246b30-3721-50e6-812e-56b59080afda	a8370cdc7c837376dadda550873ae601	2835617339	['*']	['/open']	s3://nci-crdc-data-bucket-prod/1bb2565c-09cb-4430-b691-bfb3aaf140b2/ERR14096177_1.fastq.gz
dg.4DFC/d35813c2-775a-56b0-90c3-5861ad7fbb75	0aae7a98785991afad7ad5e5dbb8b1aa	5818779168	['*']	['/open']	s3://nci-crdc-data-bucket-prod/1bb2565c-09cb-4430-b691-bfb3aaf140b2/ERR14102929_2.fastq.gz
dg.4DFC/d377eed8-fcb8-5169-bfcb-a4596403368e	6685f53207b660f7caf86d3eb70757cd	5801534743	['*']	['/open']	s3://nci-crdc-data-bucket-prod/1bb2565c-09cb-4430-b691-bfb3aaf140b2/ERR14102069_1.fastq.gz
dg.4DFC/d42e0295-602b-50f6-9e71-e25337f57b8f	c4dc335a032235ff46ed736c5ea3c51f	2687834308	['*']	['/open']	s3://nci-crdc-data-bucket-prod/1bb2565c-09cb-4430-b691-bfb3aaf140b2/ERR14102117_2.fastq.gz
dg.4DFC/d42ec474-e4d5-586e-8e93-934029f12d24	9da08b00f984045ef055dab65d004d33	2723934489	['*']	['/open']	s3://nci-crdc-data-bucket-prod/1bb2565c-09cb-4430-b691-bfb3aaf140b2/ERR14096160_2.fastq.gz
dg.4DFC/d45f9d96-919b-5419-bf3a-e99a815ef651	a83ad60133bc44bc8ba4fad7ed57f056	7200281011	['*']	['/open']	s3://nci-crdc-data-bucket-prod/1bb2565c-09cb-4430-b691-bfb3aaf140b2/ERR14102946_1.fastq.gz
dg.4DFC/d4605004-b82c-57ae-9554-f95467f5868a	5631da9ee95e40b49cc205cda3644632	18375321115	['*']	['/open']	s3://nci-crdc-data-bucket-prod/1bb2565c-09cb-4430-b691-bfb3aaf140b2/ERR14099600_1.fastq.gz
dg.4DFC/d49fc23e-aa87-5267-9f85-6d5aaa22ea8b	e15b46f3d0aacc398b2fbf252abae440	5125845981	['*']	['/open']	s3://nci-crdc-data-bucket-prod/1bb2565c-09cb-4430-b691-bfb3aaf140b2/ERR14102954_2.fastq.gz
dg.4DFC/d4a6ecbb-5031-5f50-90d6-c6aad975e389	f6e8f1df74e25c813d1631fd63713bdd	3610571188	['*']	['/open']	s3://nci-crdc-data-bucket-prod/1bb2565c-09cb-4430-b691-bfb3aaf140b2/ERR14096193_2.fastq.gz
dg.4DFC/d58e4b89-8d9c-5a96-8f8d-accf0ff16c65	1fbca5a8238d728f2150f2e3af91b4d7	4044691098	['*']	['/open']	s3://nci-crdc-data-bucket-prod/1bb2565c-09cb-4430-b691-bfb3aaf140b2/ERR14099664_1.fastq.gz
dg.4DFC/d5e987ec-26fb-54aa-a638-7d68d15a787e	bc61b3251435f54b02ea9f272d96d54b	1682347755	['*']	['/open']	s3://nci-crdc-data-bucket-prod/1bb2565c-09cb-4430-b691-bfb3aaf140b2/ERR14101987_1.fastq.gz
dg.4DFC/d5fab070-de63-54b4-b7c8-26f36f7a8cff	5be306006b455b785620cecab3ed0e7a	5076085211	['*']	['/open']	s3://nci-crdc-data-bucket-prod/1bb2565c-09cb-4430-b691-bfb3aaf140b2/ERR14102001_1.fastq.gz
dg.4DFC/d609adf7-ab53-5179-81a4-13139681d3a4	8615698f7ac37b456aa32f63b4fa95bf	5853430299	['*']	['/open']	s3://nci-crdc-data-bucket-prod/1bb2565c-09cb-4430-b691-bfb3aaf140b2/ERR14102102_1.fastq.gz
dg.4DFC/d61da34f-e54d-55d7-8658-3e4c47032569	fce6fc7e40c413ea48151e610598406c	6530966782	['*']	['/open']	s3://nci-crdc-data-bucket-prod/1bb2565c-09cb-4430-b691-bfb3aaf140b2/ERR14102015_2.fastq.gz
dg.4DFC/d67f83a7-b436-5457-9b42-3f673f2faecf	be2ab8bf0baf49df9adcdcf8bbd95434	5697284634	['*']	['/open']	s3://nci-crdc-data-bucket-prod/1bb2565c-09cb-4430-b691-bfb3aaf140b2/ERR14102090_1.fastq.gz
dg.4DFC/d7fc35a0-9cd8-5869-bd8a-40a691d14d4b	b7185b965ea38c89c5aa2bd6946898ae	6140125999	['*']	['/open']	s3://nci-crdc-data-bucket-prod/1bb2565c-09cb-4430-b691-bfb3aaf140b2/ERR14102029_1.fastq.gz
dg.4DFC/d839a545-ffc4-4b64-a4f1-b1ccb375ea0c	a06f2ffb2f3e3e4f02832f0252158ba4	29711	['*']	['/open']	s3://nci-crdc-data-bucket-prod/1bb2565c-09cb-4430-b691-bfb3aaf140b2/01-T-DOXRV-LN-A.RCC
dg.4DFC/d84a331d-c70c-42f6-8a3f-c5a338297816	d334544a71400b5c69097b5241485b9f	29652	['*']	['/open']	s3://nci-crdc-data-bucket-prod/1bb2565c-09cb-4430-b691-bfb3aaf140b2/02-T-DOXRV-LN-A.RCC
dg.4DFC/d88ed259-1f8a-5385-9a4c-d2c610c118d6	27eac9ad58e83d53609444f56ebc1daa	4364468910	['*']	['/open']	s3://nci-crdc-data-bucket-prod/1bb2565c-09cb-4430-b691-bfb3aaf140b2/ERR14098056_1.fastq.gz
dg.4DFC/d8c401fc-3a1b-5c58-8e46-aec71a2e2c41	9c9538fd14c34f4bb4826ab5b63ca284	7988217073	['*']	['/open']	s3://nci-crdc-data-bucket-prod/1bb2565c-09cb-4430-b691-bfb3aaf140b2/ERR14102072_2.fastq.gz
dg.4DFC/d8ce766b-cb7a-5840-8951-313fddb4cd06	3d504a3e6a0d3231b710b1b745ed0a5e	5476135361	['*']	['/open']	s3://nci-crdc-data-bucket-prod/1bb2565c-09cb-4430-b691-bfb3aaf140b2/ERR14102119_2.fastq.gz
dg.4DFC/d9864918-ff67-5846-b9bd-c3acabc3dc62	4c03d9be7a84a72596281ac1d01551cf	6168749275	['*']	['/open']	s3://nci-crdc-data-bucket-prod/1bb2565c-09cb-4430-b691-bfb3aaf140b2/ERR14102030_1.fastq.gz
dg.4DFC/d9892f06-2aed-5810-b4c9-29af06a0a40e	e29620b365a2de312c3e9df3b899e063	6057325039	['*']	['/open']	s3://nci-crdc-data-bucket-prod/1bb2565c-09cb-4430-b691-bfb3aaf140b2/ERR14098063_2.fastq.gz
dg.4DFC/d99956ef-6424-5eea-9f26-b4d6259539f4	a2918ca4fc9c79577bc0e67bcd6c4dcb	21273214672	['*']	['/open']	s3://nci-crdc-data-bucket-prod/1bb2565c-09cb-4430-b691-bfb3aaf140b2/ERR14099606_2.fastq.gz
dg.4DFC/d9bbf318-44b5-58ad-943d-23ab6a3c3dd2	c039d10a6c9f43fb1918bd5978c47279	4230642362	['*']	['/open']	s3://nci-crdc-data-bucket-prod/1bb2565c-09cb-4430-b691-bfb3aaf140b2/ERR14096173_1.fastq.gz
dg.4DFC/d9f1a252-dd90-5c42-886e-2924a7ded5a5	e4223003f12506ac5f183980c7b94947	6153864403	['*']	['/open']	s3://nci-crdc-data-bucket-prod/1bb2565c-09cb-4430-b691-bfb3aaf140b2/ERR14098102_1.fastq.gz
dg.4DFC/da268a9b-eb3d-54eb-ba65-bf2f8b8065d8	27dedbc45905e7bd3230d8d46a590c9b	5753701985	['*']	['/open']	s3://nci-crdc-data-bucket-prod/1bb2565c-09cb-4430-b691-bfb3aaf140b2/ERR14102064_1.fastq.gz
dg.4DFC/da7bcda3-2d74-5b12-a097-74bd8acc8981	b4139920eb8b2f7ce51e3f1f10efb4f5	8759431695	['*']	['/open']	s3://nci-crdc-data-bucket-prod/1bb2565c-09cb-4430-b691-bfb3aaf140b2/ERR14102906_1.fastq.gz
dg.4DFC/da97d004-fb3b-535e-8bfc-ab681a425517	360fe29e86e1eca0a037b9c9cba292df	5190001560	['*']	['/open']	s3://nci-crdc-data-bucket-prod/1bb2565c-09cb-4430-b691-bfb3aaf140b2/ERR14098061_2.fastq.gz
dg.4DFC/daed242d-5e9b-5e09-8d13-cd78513f9f52	57f2ea2e6267c38e81078938ae3dc1d2	8280895948	['*']	['/open']	s3://nci-crdc-data-bucket-prod/1bb2565c-09cb-4430-b691-bfb3aaf140b2/ERR14101993_2.fastq.gz
dg.4DFC/db69b003-0fe2-54f6-bfaf-9d249f847de0	493b6b8383f78234e8ff93c9110512a9	5447634540	['*']	['/open']	s3://nci-crdc-data-bucket-prod/1bb2565c-09cb-4430-b691-bfb3aaf140b2/ERR14102911_1.fastq.gz
dg.4DFC/db923251-7d90-540d-a2de-107d7f4f6234	571682597458283e99f1e94e59782548	8938228379	['*']	['/open']	s3://nci-crdc-data-bucket-prod/1bb2565c-09cb-4430-b691-bfb3aaf140b2/ERR14102046_2.fastq.gz
dg.4DFC/dc56d349-3f74-59a7-846a-9803ecc5d447	41b71ccb57b9775a1fa286f5cd39e6ae	5222997753	['*']	['/open']	s3://nci-crdc-data-bucket-prod/1bb2565c-09cb-4430-b691-bfb3aaf140b2/ERR14099685_2.fastq.gz
dg.4DFC/dc6fca9c-402a-5c24-9d45-e3312def609d	eb16b5bc957dbe1e35eaffd13b2d060e	2379120016	['*']	['/open']	s3://nci-crdc-data-bucket-prod/1bb2565c-09cb-4430-b691-bfb3aaf140b2/ERR14096197_1.fastq.gz
dg.4DFC/dc91d6d0-d75a-56dc-ad2c-be61e0855ce6	80b233d9ba9a7f042b47cb76c37d359f	5602404132	['*']	['/open']	s3://nci-crdc-data-bucket-prod/1bb2565c-09cb-4430-b691-bfb3aaf140b2/ERR14099619_1.fastq.gz
dg.4DFC/dcde525a-a9af-5863-9bf0-21605822e2e7	517ddcb1b54b3ff843bb0e8ca83c6a22	6434832302	['*']	['/open']	s3://nci-crdc-data-bucket-prod/1bb2565c-09cb-4430-b691-bfb3aaf140b2/ERR14102149_1.fastq.gz
dg.4DFC/dd03c125-ec5b-521e-84a9-b4bcfc94a096	e23762a484616e9b71f25593e23e8d3b	23373577534	['*']	['/open']	s3://nci-crdc-data-bucket-prod/1bb2565c-09cb-4430-b691-bfb3aaf140b2/ERR14099617_1.fastq.gz
dg.4DFC/dd4c4ba6-b6c4-5047-b49c-ac13946eb41b	03d703bf1d5a2366456efe98e6a6cc5c	5697908846	['*']	['/open']	s3://nci-crdc-data-bucket-prod/1bb2565c-09cb-4430-b691-bfb3aaf140b2/ERR14099621_1.fastq.gz
dg.4DFC/ddda3b18-a16f-5115-8ed5-624807a9bd34	21f3b8cc5d1127123b3b8bc21b95b7f3	6922306973	['*']	['/open']	s3://nci-crdc-data-bucket-prod/1bb2565c-09cb-4430-b691-bfb3aaf140b2/ERR14102894_2.fastq.gz
dg.4DFC/de1e6f46-9f67-58b8-bff4-0c322c8f5b52	e3b087f614dbd6a57395ab88947567b9	5251909283	['*']	['/open']	s3://nci-crdc-data-bucket-prod/1bb2565c-09cb-4430-b691-bfb3aaf140b2/ERR14102081_1.fastq.gz
dg.4DFC/de5e3c4c-78da-5e48-8fd1-e4684ba432e4	aee66bbb22ee5c52281e88c5800b7e6f	5664059040	['*']	['/open']	s3://nci-crdc-data-bucket-prod/1bb2565c-09cb-4430-b691-bfb3aaf140b2/ERR14102093_1.fastq.gz
dg.4DFC/de747da8-631e-5e85-961e-23bf686ceda6	c2ef5ff48f871d6fe835acf2b0c6fb60	5735771363	['*']	['/open']	s3://nci-crdc-data-bucket-prod/1bb2565c-09cb-4430-b691-bfb3aaf140b2/ERR14102082_2.fastq.gz
dg.4DFC/def62e5f-e93a-56ca-a5e7-6bcfa1baf3ef	e11e9deac675c99add767e00f1c80318	18507333076	['*']	['/open']	s3://nci-crdc-data-bucket-prod/1bb2565c-09cb-4430-b691-bfb3aaf140b2/ERR14099601_1.fastq.gz
dg.4DFC/df0abffb-36a3-5e64-9c33-f80fe5b883ce	a483ba76a9650fad90af12ede9b78357	4513539842	['*']	['/open']	s3://nci-crdc-data-bucket-prod/1bb2565c-09cb-4430-b691-bfb3aaf140b2/ERR14099663_2.fastq.gz
dg.4DFC/e05d1b57-1259-5d5a-9ad1-59761c18a727	fef6fc66caf41bf367ca575918c2a2b0	6498897996	['*']	['/open']	s3://nci-crdc-data-bucket-prod/1bb2565c-09cb-4430-b691-bfb3aaf140b2/ERR14098092_2.fastq.gz
dg.4DFC/e064ad3e-2574-5bd4-af51-d69b4b618296	627a03c3c1a27350d1512e8444684bce	5688406584	['*']	['/open']	s3://nci-crdc-data-bucket-prod/1bb2565c-09cb-4430-b691-bfb3aaf140b2/ERR14099618_1.fastq.gz
dg.4DFC/e06a02f5-9797-53f9-b47e-999eceba17b4	0791a1e183525796e27ca963d3736c80	20464182533	['*']	['/open']	s3://nci-crdc-data-bucket-prod/1bb2565c-09cb-4430-b691-bfb3aaf140b2/ERR14099630_2.fastq.gz
dg.4DFC/e0c5df67-c903-53a6-8202-bea051625eca	beded71bd58346dbee9b1cbc4e69d6f9	5573460010	['*']	['/open']	s3://nci-crdc-data-bucket-prod/1bb2565c-09cb-4430-b691-bfb3aaf140b2/ERR14098066_2.fastq.gz
dg.4DFC/e0d3f809-690e-5645-adce-ffd13654f8fc	fee26f04b03deabf2ac48e2ac2a60238	5783366649	['*']	['/open']	s3://nci-crdc-data-bucket-prod/1bb2565c-09cb-4430-b691-bfb3aaf140b2/ERR14102023_1.fastq.gz
dg.4DFC/e102d338-6ec6-5521-a1a2-08dd3c0dc251	64aaa5d43d327304455d82ca5ac58adc	7594647952	['*']	['/open']	s3://nci-crdc-data-bucket-prod/1bb2565c-09cb-4430-b691-bfb3aaf140b2/ERR14102086_2.fastq.gz
dg.4DFC/e19b280e-181f-58e3-ae4b-92fe3f7a7d03	9960eec8620404ccd319471e3ef17ab6	8208311648	['*']	['/open']	s3://nci-crdc-data-bucket-prod/1bb2565c-09cb-4430-b691-bfb3aaf140b2/ERR14102019_2.fastq.gz
dg.4DFC/e1af548f-fd9d-5895-b7df-bfb7373279bf	e5a5e4dbad39f711a1fb779ca726d2a6	5143664827	['*']	['/open']	s3://nci-crdc-data-bucket-prod/1bb2565c-09cb-4430-b691-bfb3aaf140b2/ERR14102134_1.fastq.gz
dg.4DFC/e1bcce4d-d6d7-5db0-8b78-e716ac3ca0ca	8693de5b6275625270d3a52c89547999	5419603251	['*']	['/open']	s3://nci-crdc-data-bucket-prod/1bb2565c-09cb-4430-b691-bfb3aaf140b2/ERR14102924_2.fastq.gz
dg.4DFC/e25d69d9-44c0-5dbe-a353-9ec32f0fde12	6bf74a29c287a338638ed4329b65b3f6	4238233474	['*']	['/open']	s3://nci-crdc-data-bucket-prod/1bb2565c-09cb-4430-b691-bfb3aaf140b2/ERR14099634_1.fastq.gz
dg.4DFC/e376c032-a0ea-5077-ae40-d7a5c89a8c59	367b8a8a0ac7ed3a8d97bea306f903d4	5868012059	['*']	['/open']	s3://nci-crdc-data-bucket-prod/1bb2565c-09cb-4430-b691-bfb3aaf140b2/ERR14102012_1.fastq.gz
dg.4DFC/e383b2fd-97ce-5439-9ce5-efe1db6a5292	fa3401795f5dc96fdd350089ce0f0bdd	7780216286	['*']	['/open']	s3://nci-crdc-data-bucket-prod/1bb2565c-09cb-4430-b691-bfb3aaf140b2/ERR14102909_1.fastq.gz
dg.4DFC/e3ec5076-6d17-594e-93ae-b48b2488ebd2	501ed197dcdf7908d7071e2ea4d25082	3376099413	['*']	['/open']	s3://nci-crdc-data-bucket-prod/1bb2565c-09cb-4430-b691-bfb3aaf140b2/ERR14098077_1.fastq.gz
dg.4DFC/e4243a3a-25f8-51c1-9724-5c2a183e1cf2	427d79f3b2c516f8085c3bcbfdde1ae4	6606918765	['*']	['/open']	s3://nci-crdc-data-bucket-prod/1bb2565c-09cb-4430-b691-bfb3aaf140b2/ERR14102107_2.fastq.gz
dg.4DFC/e45c8aab-3843-59f1-8f49-2920654b39f3	48b17c1d571c4e4581f8f814c781870c	5134970902	['*']	['/open']	s3://nci-crdc-data-bucket-prod/1bb2565c-09cb-4430-b691-bfb3aaf140b2/ERR14099686_2.fastq.gz
dg.4DFC/e554e651-87ad-5da3-9ac5-2c34fd942196	5f515931cebf484e98aef4229eb6c62c	6299747015	['*']	['/open']	s3://nci-crdc-data-bucket-prod/1bb2565c-09cb-4430-b691-bfb3aaf140b2/ERR14102042_2.fastq.gz
dg.4DFC/e5722e37-dab2-53e3-a283-c839a2c2b8c0	2c44f4be2e7d86e91a3a4c6ea5ed1cd8	8274976085	['*']	['/open']	s3://nci-crdc-data-bucket-prod/1bb2565c-09cb-4430-b691-bfb3aaf140b2/ERR14101989_2.fastq.gz
dg.4DFC/e58b1998-eed8-555c-8c12-b937676c25ee	e7b098a2c0aaedc08a05372e4beb6594	6948237771	['*']	['/open']	s3://nci-crdc-data-bucket-prod/1bb2565c-09cb-4430-b691-bfb3aaf140b2/ERR14099667_1.fastq.gz
dg.4DFC/e5b1b5d7-47fa-5906-be0e-3cecf54226b7	0ffe019c0f44502464cbb2e067233090	5417839684	['*']	['/open']	s3://nci-crdc-data-bucket-prod/1bb2565c-09cb-4430-b691-bfb3aaf140b2/ERR14102951_1.fastq.gz
dg.4DFC/e5b576c7-20b7-509f-ba55-97ce68467782	0f494394b7601dcff7e981ce543a2fd0	8086504018	['*']	['/open']	s3://nci-crdc-data-bucket-prod/1bb2565c-09cb-4430-b691-bfb3aaf140b2/ERR14102021_2.fastq.gz
dg.4DFC/e5f06972-6371-53b0-9a13-8e7a7b5ceede	241c4873b70688a34c5d03c91e4b5bc5	7160988826	['*']	['/open']	s3://nci-crdc-data-bucket-prod/1bb2565c-09cb-4430-b691-bfb3aaf140b2/ERR14102084_1.fastq.gz
dg.4DFC/e698f6fc-a0b7-5db2-9e02-cd3e2dd19a85	69caacc15fd086d08414c782f89c27ac	8234373295	['*']	['/open']	s3://nci-crdc-data-bucket-prod/1bb2565c-09cb-4430-b691-bfb3aaf140b2/ERR14101986_2.fastq.gz
dg.4DFC/e6b20d27-4237-5538-ba09-35436c9d4e29	24973a59b57b7b9f31a3b66054882605	4507325316	['*']	['/open']	s3://nci-crdc-data-bucket-prod/1bb2565c-09cb-4430-b691-bfb3aaf140b2/ERR14102048_2.fastq.gz
dg.4DFC/e6edbe3a-718a-56c2-9692-2bd586f35d70	38f599491689c22eccb5d8cde23eec15	4229702894	['*']	['/open']	s3://nci-crdc-data-bucket-prod/1bb2565c-09cb-4430-b691-bfb3aaf140b2/ERR14102049_1.fastq.gz
dg.4DFC/e7419539-1c48-5770-b74a-cc9b45251eb4	735c6b4fb023fa4e9302231b154350b0	7387996574	['*']	['/open']	s3://nci-crdc-data-bucket-prod/1bb2565c-09cb-4430-b691-bfb3aaf140b2/ERR14102099_1.fastq.gz
dg.4DFC/e7585519-8260-5b1e-96d9-1f80cd0d43c0	22e91118bf61dd582f8a747a806a8212	4432158619	['*']	['/open']	s3://nci-crdc-data-bucket-prod/1bb2565c-09cb-4430-b691-bfb3aaf140b2/ERR14099695_2.fastq.gz
dg.4DFC/e7a831bb-8024-57b9-b61a-f21f4b86d019	7a93424289fa555abcbc043ca16229a0	5683718420	['*']	['/open']	s3://nci-crdc-data-bucket-prod/1bb2565c-09cb-4430-b691-bfb3aaf140b2/ERR14101997_1.fastq.gz
dg.4DFC/e7c4cf38-aa99-5a82-be6d-7e2854ab20f7	cd413ca7b70e5cf69ed5de57552ba087	6970232219	['*']	['/open']	s3://nci-crdc-data-bucket-prod/1bb2565c-09cb-4430-b691-bfb3aaf140b2/ERR14101988_2.fastq.gz
dg.4DFC/e83ed19d-270f-5d83-b6fe-cd7338fb80ee	bdaa27bd88c84230597818e796c3b6b9	10302288856	['*']	['/open']	s3://nci-crdc-data-bucket-prod/1bb2565c-09cb-4430-b691-bfb3aaf140b2/ERR14101992_2.fastq.gz
dg.4DFC/e8555a4d-abc4-5410-80b6-6e20d1c511dd	e043a67ba967f81c7f1a27cd3274c227	5175921779	['*']	['/open']	s3://nci-crdc-data-bucket-prod/1bb2565c-09cb-4430-b691-bfb3aaf140b2/ERR14102133_1.fastq.gz
dg.4DFC/e87d5039-068b-598e-9a0c-ea8d8e1af085	d55081344873a422e1a00247e198e1a7	7714464560	['*']	['/open']	s3://nci-crdc-data-bucket-prod/1bb2565c-09cb-4430-b691-bfb3aaf140b2/ERR14102136_1.fastq.gz
dg.4DFC/e8e1279c-8f41-5d5e-a8d9-b17ee0dd878e	809f30139f74a66f4a386d4be8d06671	9582687940	['*']	['/open']	s3://nci-crdc-data-bucket-prod/1bb2565c-09cb-4430-b691-bfb3aaf140b2/ERR14101992_1.fastq.gz
dg.4DFC/e8facadc-b198-584a-b13d-5fcf809f78cb	d1a5134da8eb73c2ca201692a58ee75a	5715071102	['*']	['/open']	s3://nci-crdc-data-bucket-prod/1bb2565c-09cb-4430-b691-bfb3aaf140b2/ERR14102949_2.fastq.gz
dg.4DFC/e906e771-9abe-5b9a-b1a3-e3dcd0a2efad	4d1e13d65d897c3942f3a03ea32d7f11	6117109921	['*']	['/open']	s3://nci-crdc-data-bucket-prod/1bb2565c-09cb-4430-b691-bfb3aaf140b2/ERR14102904_2.fastq.gz
dg.4DFC/e951d18a-1ad7-52f0-aa3e-dc50428cdca0	144d3fd8e12bd6ede7a2144a4a6e2189	5223003460	['*']	['/open']	s3://nci-crdc-data-bucket-prod/1bb2565c-09cb-4430-b691-bfb3aaf140b2/ERR14102923_2.fastq.gz
dg.4DFC/e9c9d642-c85a-5c84-affb-59724387c6fa	bac2cfcae9d995635e2dfe68ee3e4e2d	4735266468	['*']	['/open']	s3://nci-crdc-data-bucket-prod/1bb2565c-09cb-4430-b691-bfb3aaf140b2/ERR14102889_1.fastq.gz
dg.4DFC/ea134aec-cdfe-5156-94fd-7666393716b3	5e14ab96a77e346a9a098d61a9f4bdb7	6855400841	['*']	['/open']	s3://nci-crdc-data-bucket-prod/1bb2565c-09cb-4430-b691-bfb3aaf140b2/ERR14102150_2.fastq.gz
dg.4DFC/ea860bbb-6e2e-5c42-9a78-69efe566072c	32d5ef62a998153550412ae4f567c350	3492901010	['*']	['/open']	s3://nci-crdc-data-bucket-prod/1bb2565c-09cb-4430-b691-bfb3aaf140b2/ERR14099687_1.fastq.gz
dg.4DFC/ead8c53c-946a-5b57-9803-f084eb581ba0	526571f848181a4621e9debc28d07fd2	2806247330	['*']	['/open']	s3://nci-crdc-data-bucket-prod/1bb2565c-09cb-4430-b691-bfb3aaf140b2/ERR14102143_2.fastq.gz
dg.4DFC/eaec8429-233b-52c9-b47e-96bf68fbfe8b	bbbcfd3ca5051b631d1938f2d93365ff	4617049188	['*']	['/open']	s3://nci-crdc-data-bucket-prod/1bb2565c-09cb-4430-b691-bfb3aaf140b2/ERR14102130_1.fastq.gz
dg.4DFC/eb60250c-dba1-5edc-9c40-de3888d530ae	8a99c12040e73bf901f2f0035bcfc7c5	5795171712	['*']	['/open']	s3://nci-crdc-data-bucket-prod/1bb2565c-09cb-4430-b691-bfb3aaf140b2/ERR14102982_2.fastq.gz
dg.4DFC/ebdd9c3c-cf86-54f0-8dd2-e982ab7c1c18	0dd3ee53868ffddf5ef5ba9563a6dee3	5724051658	['*']	['/open']	s3://nci-crdc-data-bucket-prod/1bb2565c-09cb-4430-b691-bfb3aaf140b2/ERR14102917_2.fastq.gz
dg.4DFC/ebe84237-2743-5f66-abfb-1e93fe7c4272	648487d603fa19dec2e1c4aed349b502	3771713490	['*']	['/open']	s3://nci-crdc-data-bucket-prod/1bb2565c-09cb-4430-b691-bfb3aaf140b2/ERR14098081_2.fastq.gz
dg.4DFC/ec2dbb71-9ddb-5d75-80fb-bd693d74749c	6e4506b0d347c816f5b3c220cb96b929	6186269764	['*']	['/open']	s3://nci-crdc-data-bucket-prod/1bb2565c-09cb-4430-b691-bfb3aaf140b2/ERR14099679_1.fastq.gz
dg.4DFC/ec57d6c1-792b-5c02-a82d-8cc15adc1f7d	9a3dda0e97edeaeff5f30659837d9e2f	4172312204	['*']	['/open']	s3://nci-crdc-data-bucket-prod/1bb2565c-09cb-4430-b691-bfb3aaf140b2/ERR14102000_2.fastq.gz
dg.4DFC/ec69c864-8519-58da-aabe-998a151e6484	04d3e95f57d6e579c9a0bd446d9f177f	5725431650	['*']	['/open']	s3://nci-crdc-data-bucket-prod/1bb2565c-09cb-4430-b691-bfb3aaf140b2/ERR14099657_2.fastq.gz
dg.4DFC/ecd8e11d-5870-597b-bf28-954d0f3e9765	4f23e956337fb89435838d3434924cde	3427529286	['*']	['/open']	s3://nci-crdc-data-bucket-prod/1bb2565c-09cb-4430-b691-bfb3aaf140b2/ERR14096191_2.fastq.gz
dg.4DFC/ed346f8e-db28-5081-97ae-7acba14399c6	cee3024004451a4a9d74a04c501bfd61	5754168656	['*']	['/open']	s3://nci-crdc-data-bucket-prod/1bb2565c-09cb-4430-b691-bfb3aaf140b2/ERR14099629_2.fastq.gz
dg.4DFC/ed88ada7-9bbf-5ba8-9d88-d49243de8b90	e195363514d650f391b2789fb849d67e	2741523316	['*']	['/open']	s3://nci-crdc-data-bucket-prod/1bb2565c-09cb-4430-b691-bfb3aaf140b2/ERR14096161_2.fastq.gz
dg.4DFC/edb042d8-c9da-5ce3-a82c-945f1801f4af	0311cd4f1deb2614e21fcffbcd8e6a74	5767947962	['*']	['/open']	s3://nci-crdc-data-bucket-prod/1bb2565c-09cb-4430-b691-bfb3aaf140b2/ERR14102905_1.fastq.gz
dg.4DFC/edb4c046-effd-5df4-887c-2daa1d08d63f	b8605b519692ebdc022cba666a13c829	5779729464	['*']	['/open']	s3://nci-crdc-data-bucket-prod/1bb2565c-09cb-4430-b691-bfb3aaf140b2/ERR14102067_1.fastq.gz
dg.4DFC/ee1f98a3-eacf-502c-938d-acb734c6f133	35b3a1c067143e5d32f929dbb65b4132	5651557843	['*']	['/open']	s3://nci-crdc-data-bucket-prod/1bb2565c-09cb-4430-b691-bfb3aaf140b2/ERR14102011_1.fastq.gz
dg.4DFC/ee2bff75-cfac-5c46-9b65-f98eea7a794c	898dd46eb31e89e54a14ab9255d4a8bb	6040900425	['*']	['/open']	s3://nci-crdc-data-bucket-prod/1bb2565c-09cb-4430-b691-bfb3aaf140b2/ERR14099604_1.fastq.gz
dg.4DFC/ee4c0e6f-112f-5558-9620-faa7b30e0752	fa286666553906c1efc75cdf3d045a44	5454807364	['*']	['/open']	s3://nci-crdc-data-bucket-prod/1bb2565c-09cb-4430-b691-bfb3aaf140b2/ERR14102133_2.fastq.gz
dg.4DFC/eebda79d-9241-534b-a602-8574a9886b16	1d7c29322c45131fcf2cb894dd0a9a49	5387477811	['*']	['/open']	s3://nci-crdc-data-bucket-prod/1bb2565c-09cb-4430-b691-bfb3aaf140b2/ERR14103076_2.fastq.gz
dg.4DFC/eed735b2-f4d7-5005-9aa7-18c0ff0f7433	33dd24d1299809ca60d4ff88f79a9831	6442310780	['*']	['/open']	s3://nci-crdc-data-bucket-prod/1bb2565c-09cb-4430-b691-bfb3aaf140b2/ERR14098094_1.fastq.gz
dg.4DFC/ef5e64e7-581f-4607-b886-8afe01a14bd7	c1bf3e4c21af71980a6d28fd6fddc9d6	29722	['*']	['/open']	s3://nci-crdc-data-bucket-prod/1bb2565c-09cb-4430-b691-bfb3aaf140b2/03-T-KPT-LN-D.RCC
dg.4DFC/ef7aa114-00c9-5f71-8853-f598b259b376	be2a8aa0d8184c3eaed6c0d26a9b16dc	8908629084	['*']	['/open']	s3://nci-crdc-data-bucket-prod/1bb2565c-09cb-4430-b691-bfb3aaf140b2/ERR14099675_2.fastq.gz
dg.4DFC/f00e778e-49ce-5a94-b140-6e62a86afbe0	55e6e8a3db7f4446f2fa98ba5d7431b4	3229845591	['*']	['/open']	s3://nci-crdc-data-bucket-prod/1bb2565c-09cb-4430-b691-bfb3aaf140b2/ERR14096156_2.fastq.gz
dg.4DFC/f02031ac-7f9d-510b-a28e-a8ea41426fa4	9e156e0eb3e015624355395f845906ab	6916332258	['*']	['/open']	s3://nci-crdc-data-bucket-prod/1bb2565c-09cb-4430-b691-bfb3aaf140b2/ERR14102895_2.fastq.gz
dg.4DFC/f0c73e90-c4ea-57d1-8a05-2ff2f7050d9f	1830aef27ac4c44f2f608c07e29e05a0	5136271508	['*']	['/open']	s3://nci-crdc-data-bucket-prod/1bb2565c-09cb-4430-b691-bfb3aaf140b2/ERR14102886_1.fastq.gz
dg.4DFC/f0d1f4d2-d13b-5c2c-975b-975675fc405d	1f4ee2a4ca7dca22695ba41255806641	5488918937	['*']	['/open']	s3://nci-crdc-data-bucket-prod/1bb2565c-09cb-4430-b691-bfb3aaf140b2/ERR14099693_1.fastq.gz
dg.4DFC/f0e80c08-7a1e-5d42-841f-0b994db744c8	1ea6ebda829db9b3486d6f57f3585bba	6937511912	['*']	['/open']	s3://nci-crdc-data-bucket-prod/1bb2565c-09cb-4430-b691-bfb3aaf140b2/ERR14102922_1.fastq.gz
dg.4DFC/f0f34200-7523-541c-b6c2-c29f6444a4b6	a921d7db430637cd533471ebaf2f0e05	4807230272	['*']	['/open']	s3://nci-crdc-data-bucket-prod/1bb2565c-09cb-4430-b691-bfb3aaf140b2/ERR14102079_2.fastq.gz
dg.4DFC/f0fef93b-dfcc-5b91-8692-680d015a46b8	3c5bf64c80299627bfda76133b4cb04e	7399935639	['*']	['/open']	s3://nci-crdc-data-bucket-prod/1bb2565c-09cb-4430-b691-bfb3aaf140b2/ERR14099667_2.fastq.gz
dg.4DFC/f1593707-8f14-58cf-a0a9-809fceb9d198	1a3b8f9de363e3b308561f17ebee1cde	5885935209	['*']	['/open']	s3://nci-crdc-data-bucket-prod/1bb2565c-09cb-4430-b691-bfb3aaf140b2/ERR14102036_2.fastq.gz
dg.4DFC/f1736f45-dbad-5df0-8717-b1b592581b39	5857f73c762908b4715cdf94326ebe4d	6676813699	['*']	['/open']	s3://nci-crdc-data-bucket-prod/1bb2565c-09cb-4430-b691-bfb3aaf140b2/ERR14102147_2.fastq.gz
dg.4DFC/f1bd493f-a329-550e-828f-b4238cc45c6f	d0d9d130466da12d2189792e81777a55	8534841647	['*']	['/open']	s3://nci-crdc-data-bucket-prod/1bb2565c-09cb-4430-b691-bfb3aaf140b2/ERR14099676_1.fastq.gz
dg.4DFC/f1c5a1cd-8048-5938-98f1-76c57f67085e	ef88bc1660a36eb0ae094be957442c2a	8255978700	['*']	['/open']	s3://nci-crdc-data-bucket-prod/1bb2565c-09cb-4430-b691-bfb3aaf140b2/ERR14099678_1.fastq.gz
dg.4DFC/f1ecf893-7147-54a3-ab79-d956de51a6fc	60735ee9f5a546576a04fc9be96de592	6155065633	['*']	['/open']	s3://nci-crdc-data-bucket-prod/1bb2565c-09cb-4430-b691-bfb3aaf140b2/ERR14102039_2.fastq.gz
dg.4DFC/f1fcc15a-f15f-5de3-867f-8a4cde40f9ed	84965f53a3aca22a5c46aef46ee34727	5428209713	['*']	['/open']	s3://nci-crdc-data-bucket-prod/1bb2565c-09cb-4430-b691-bfb3aaf140b2/ERR14102089_1.fastq.gz
dg.4DFC/f2025005-7838-5728-ac59-2131bed42714	80ff83d1fb6f5deb32d9fc05e65052db	4975975050	['*']	['/open']	s3://nci-crdc-data-bucket-prod/1bb2565c-09cb-4430-b691-bfb3aaf140b2/ERR14102127_1.fastq.gz
dg.4DFC/f22bcf41-aebe-50cc-8bdf-fb00b46ee1e5	bc9cc98e24d8f6b015177a3134a1903b	6798478243	['*']	['/open']	s3://nci-crdc-data-bucket-prod/1bb2565c-09cb-4430-b691-bfb3aaf140b2/ERR14102881_1.fastq.gz
dg.4DFC/f23f8045-ac98-5671-a53e-9aca8b11cb09	1037cf980a00eced9eecb583321cf97a	5637240091	['*']	['/open']	s3://nci-crdc-data-bucket-prod/1bb2565c-09cb-4430-b691-bfb3aaf140b2/ERR14098106_1.fastq.gz
dg.4DFC/f24b1731-76ca-5eb5-ba2c-171e4bb6cf5c	505444ddf7b8655acdbd5e1daedf6ce7	5943427789	['*']	['/open']	s3://nci-crdc-data-bucket-prod/1bb2565c-09cb-4430-b691-bfb3aaf140b2/ERR14102944_2.fastq.gz
dg.4DFC/f2c4ac81-558f-5998-828f-d92b62e5a427	08a5f64015678565ca1a340514580a29	6149044353	['*']	['/open']	s3://nci-crdc-data-bucket-prod/1bb2565c-09cb-4430-b691-bfb3aaf140b2/ERR14102037_2.fastq.gz
dg.4DFC/f323389c-c6de-511c-9479-728acf31b025	dba76df326bf530a2422cc3901bd278c	19649301931	['*']	['/open']	s3://nci-crdc-data-bucket-prod/1bb2565c-09cb-4430-b691-bfb3aaf140b2/ERR14099607_1.fastq.gz
dg.4DFC/f3402c06-100d-5df8-9c2e-1cb5c33b5397	553ea6a922103d24cbaea2fe7d21f949	4687556834	['*']	['/open']	s3://nci-crdc-data-bucket-prod/1bb2565c-09cb-4430-b691-bfb3aaf140b2/ERR14102118_2.fastq.gz
dg.4DFC/f3536142-d2df-5249-b00f-1750d70ef88c	fb5579ae9b5e55dae1cecb41ead0df7c	7299336413	['*']	['/open']	s3://nci-crdc-data-bucket-prod/1bb2565c-09cb-4430-b691-bfb3aaf140b2/ERR14102881_2.fastq.gz
dg.4DFC/f36cea18-7f68-50ee-b8a2-ffc70e765077	2ee150d3a6e2be68950385492fdae6f0	5835539258	['*']	['/open']	s3://nci-crdc-data-bucket-prod/1bb2565c-09cb-4430-b691-bfb3aaf140b2/ERR14099656_2.fastq.gz
dg.4DFC/f3791658-6dc4-5398-b990-fd86a58b67ba	bfa55b575df3b4ccca56502facc5c1aa	5094319636	['*']	['/open']	s3://nci-crdc-data-bucket-prod/1bb2565c-09cb-4430-b691-bfb3aaf140b2/ERR14099696_1.fastq.gz
dg.4DFC/f3b89869-01e7-599f-9f76-049280fb4e03	f309a256b0b7532a1d707bad8d2926f7	7292872537	['*']	['/open']	s3://nci-crdc-data-bucket-prod/1bb2565c-09cb-4430-b691-bfb3aaf140b2/ERR14102125_1.fastq.gz
dg.4DFC/f3dd946f-b3c1-511a-b862-e7f60f8621ba	e5451e015091a267cc7d3ef92ed61c64	10918039858	['*']	['/open']	s3://nci-crdc-data-bucket-prod/1bb2565c-09cb-4430-b691-bfb3aaf140b2/ERR14102971_2.fastq.gz
dg.4DFC/f3e8d876-2475-5846-9a27-3b89366555f0	4f8a5bc8b4ee57880a03a8e85e5e7d92	6225019898	['*']	['/open']	s3://nci-crdc-data-bucket-prod/1bb2565c-09cb-4430-b691-bfb3aaf140b2/ERR14102957_2.fastq.gz
dg.4DFC/f41e4221-209c-5953-88a7-30071ba695ec	0f1064cfded03ecfef7bc0e01fc40ef6	3529781539	['*']	['/open']	s3://nci-crdc-data-bucket-prod/1bb2565c-09cb-4430-b691-bfb3aaf140b2/ERR14098073_1.fastq.gz
dg.4DFC/f45476a7-b621-5fb7-bd45-6380abf0f545	cc931a22b1dc6df892cbbd1694141b68	8136043100	['*']	['/open']	s3://nci-crdc-data-bucket-prod/1bb2565c-09cb-4430-b691-bfb3aaf140b2/ERR14101995_2.fastq.gz
dg.4DFC/f4bd9c2d-1a60-5022-b176-862d1e504dfa	8780958e48d6206d3f623c3883a2e704	5781785899	['*']	['/open']	s3://nci-crdc-data-bucket-prod/1bb2565c-09cb-4430-b691-bfb3aaf140b2/ERR14102089_2.fastq.gz
dg.4DFC/f5581623-5962-546d-b975-e6eee83092ca	26bb8955092c559a1121fce51d3cb30e	5567708640	['*']	['/open']	s3://nci-crdc-data-bucket-prod/1bb2565c-09cb-4430-b691-bfb3aaf140b2/ERR14101998_1.fastq.gz
dg.4DFC/f59585c6-2358-562c-85fe-8242a1d9ddc8	17ff945d2b404cba6cdd8836a1eb0b22	5008876458	['*']	['/open']	s3://nci-crdc-data-bucket-prod/1bb2565c-09cb-4430-b691-bfb3aaf140b2/ERR14102070_2.fastq.gz
dg.4DFC/f5c583c0-1cd3-5997-b30f-da1a035ff11e	65fd2f718be1c054f5bff65ff893b777	5431568343	['*']	['/open']	s3://nci-crdc-data-bucket-prod/1bb2565c-09cb-4430-b691-bfb3aaf140b2/ERR14099629_1.fastq.gz
dg.4DFC/f5e1320b-502e-5b7c-b28b-d4ccddcb4af6	d6bf93a8ef4eca791b547e31d2b984f4	23185437187	['*']	['/open']	s3://nci-crdc-data-bucket-prod/1bb2565c-09cb-4430-b691-bfb3aaf140b2/ERR14099616_1.fastq.gz
dg.4DFC/f691d292-495f-552e-93da-aee98c3fc866	6268798c9e1f50fd283822f9ffbedd47	4256221921	['*']	['/open']	s3://nci-crdc-data-bucket-prod/1bb2565c-09cb-4430-b691-bfb3aaf140b2/ERR14096174_2.fastq.gz
dg.4DFC/f7125d65-bf0e-5725-8bf7-db29731a51b3	7404e3a8def02e588e7f49947a01ee15	9494189292	['*']	['/open']	s3://nci-crdc-data-bucket-prod/1bb2565c-09cb-4430-b691-bfb3aaf140b2/ERR14102906_2.fastq.gz
dg.4DFC/f71f45ac-653f-5081-a948-8f97f8315a1a	46c40b04ce25bfdcbcea73490c198c77	6467488142	['*']	['/open']	s3://nci-crdc-data-bucket-prod/1bb2565c-09cb-4430-b691-bfb3aaf140b2/ERR14102875_1.fastq.gz
dg.4DFC/f73986e9-dbfb-54d2-9685-25d1867cd55a	8277707ad5031884ebd93b5f5ae8e00e	5932627402	['*']	['/open']	s3://nci-crdc-data-bucket-prod/1bb2565c-09cb-4430-b691-bfb3aaf140b2/ERR14102094_2.fastq.gz
dg.4DFC/f73ede65-a8df-565e-8db0-a611df54b90d	2ee586c9ffab34b3ac18451c84e59ca8	23756766185	['*']	['/open']	s3://nci-crdc-data-bucket-prod/1bb2565c-09cb-4430-b691-bfb3aaf140b2/ERR14099615_2.fastq.gz
dg.4DFC/f7c38d01-b225-5d22-89a8-c9b7446bfa33	b95f6210f132f57957b05934cb77c581	19767346822	['*']	['/open']	s3://nci-crdc-data-bucket-prod/1bb2565c-09cb-4430-b691-bfb3aaf140b2/ERR14099631_2.fastq.gz
dg.4DFC/f7df7098-af71-5f9f-a077-a9a6859446ad	8bf67e8e80afdf31ba771b4230cb8d75	7678279021	['*']	['/open']	s3://nci-crdc-data-bucket-prod/1bb2565c-09cb-4430-b691-bfb3aaf140b2/ERR14102946_2.fastq.gz
dg.4DFC/f7ff9022-dcfc-530c-8ae3-41a6dcce53e3	fdaf67aa881d58a07715a8edb10e7de0	6350586539	['*']	['/open']	s3://nci-crdc-data-bucket-prod/1bb2565c-09cb-4430-b691-bfb3aaf140b2/ERR14102953_2.fastq.gz
dg.4DFC/f91221e4-208b-5a4d-8701-24c51f447ee2	2236108f8f101471935915463ce96509	7108791540	['*']	['/open']	s3://nci-crdc-data-bucket-prod/1bb2565c-09cb-4430-b691-bfb3aaf140b2/ERR14102948_1.fastq.gz
dg.4DFC/f947a8eb-c34f-5e01-ae2b-b242819766c0	5e627954109609f863a53628293926fb	10493006623	['*']	['/open']	s3://nci-crdc-data-bucket-prod/1bb2565c-09cb-4430-b691-bfb3aaf140b2/ERR14102148_1.fastq.gz
dg.4DFC/f96213ed-1416-5fee-999c-9512f20b811a	45bae7d10730c22fa2c3f4e83c89becf	3116569905	['*']	['/open']	s3://nci-crdc-data-bucket-prod/1bb2565c-09cb-4430-b691-bfb3aaf140b2/ERR14096155_1.fastq.gz
dg.4DFC/f9a8eda4-cbbb-584e-a9a6-e0ad9bedecf3	e7a7410c29ca209dc54a6726cc79f4c7	3800850255	['*']	['/open']	s3://nci-crdc-data-bucket-prod/1bb2565c-09cb-4430-b691-bfb3aaf140b2/ERR14099666_1.fastq.gz
dg.4DFC/f9c89b6a-690e-4165-952d-73bb53aefa5f	ef439f9221f7ff499089f1884fd89b18	29720	['*']	['/open']	s3://nci-crdc-data-bucket-prod/1bb2565c-09cb-4430-b691-bfb3aaf140b2/01-T-TAK-LN-A.RCC
dg.4DFC/f9df8ea0-89ff-58d5-9e12-6e80201eea9f	2d92cef8920cad444896e788cad20fc2	3157029786	['*']	['/open']	s3://nci-crdc-data-bucket-prod/1bb2565c-09cb-4430-b691-bfb3aaf140b2/ERR14096156_1.fastq.gz
dg.4DFC/fa105239-1802-576f-bf70-accdb81234cf	abd160186cfc0a7805d4a528c0ee87a2	5784124843	['*']	['/open']	s3://nci-crdc-data-bucket-prod/1bb2565c-09cb-4430-b691-bfb3aaf140b2/ERR14099626_2.fastq.gz
dg.4DFC/fb108316-e181-50d1-a287-e8a215f2dfb8	7088626cb07de4fe245100b166c834e4	4075897066	['*']	['/open']	s3://nci-crdc-data-bucket-prod/1bb2565c-09cb-4430-b691-bfb3aaf140b2/ERR14096170_1.fastq.gz
dg.4DFC/fb2f22b8-dc38-5bea-b7b0-dc7715173c08	4418a3a9f4087ff4831460a30eb7ac7c	5669685475	['*']	['/open']	s3://nci-crdc-data-bucket-prod/1bb2565c-09cb-4430-b691-bfb3aaf140b2/ERR14102095_1.fastq.gz
dg.4DFC/fb8b8e2f-345b-54e3-b091-6dd00f1a553f	b76c90691e29889a7c8ebd0389d390d7	6841114301	['*']	['/open']	s3://nci-crdc-data-bucket-prod/1bb2565c-09cb-4430-b691-bfb3aaf140b2/ERR14102896_2.fastq.gz
dg.4DFC/fbd59ff6-498b-5f97-a38f-bdaa49836676	dfadae91ae3f1ffe7a08723cab153fad	7375980000	['*']	['/open']	s3://nci-crdc-data-bucket-prod/1bb2565c-09cb-4430-b691-bfb3aaf140b2/ERR14101983_1.fastq.gz
dg.4DFC/fc0ef5de-0ea0-58b8-9529-22b659b1417f	08f3e3b445125f8ca7008572cd65ee32	5455788012	['*']	['/open']	s3://nci-crdc-data-bucket-prod/1bb2565c-09cb-4430-b691-bfb3aaf140b2/ERR14103075_2.fastq.gz
dg.4DFC/fc3090a3-892e-5e46-9136-96953d7b46ae	537973653bb9bf1865d2f9d8aea1a851	5169728284	['*']	['/open']	s3://nci-crdc-data-bucket-prod/1bb2565c-09cb-4430-b691-bfb3aaf140b2/ERR14102126_2.fastq.gz
dg.4DFC/fc8578cd-e84f-5fc0-8408-0077d1e3d5fa	9b87da3256d73a4d3bd058c011ef4844	7969551638	['*']	['/open']	s3://nci-crdc-data-bucket-prod/1bb2565c-09cb-4430-b691-bfb3aaf140b2/ERR14102071_2.fastq.gz
dg.4DFC/fc89845d-c1f4-5337-9b09-781ab587d0e8	7ecb01a70ed7b158551110f93eacdab3	7641399204	['*']	['/open']	s3://nci-crdc-data-bucket-prod/1bb2565c-09cb-4430-b691-bfb3aaf140b2/ERR14102138_1.fastq.gz
dg.4DFC/fccaceb6-76e0-55af-940d-2b6f8a5f8d92	259df4ab1fc7f52d78de31c624ec9189	4702613449	['*']	['/open']	s3://nci-crdc-data-bucket-prod/1bb2565c-09cb-4430-b691-bfb3aaf140b2/ERR14099683_2.fastq.gz
dg.4DFC/fccfd536-b2ba-4c0f-aeca-0350795a395a	c66cb3cec783e886f1f4421ece7f2cc5	29015	['*']	['/open']	s3://nci-crdc-data-bucket-prod/1bb2565c-09cb-4430-b691-bfb3aaf140b2/02-T-TAK-LN-D.RCC
dg.4DFC/fd56bb40-60ec-5022-bb12-53f7f58e2941	a824679f723101fbc39fc90219b03864	4375074161	['*']	['/open']	s3://nci-crdc-data-bucket-prod/1bb2565c-09cb-4430-b691-bfb3aaf140b2/ERR14102055_1.fastq.gz
dg.4DFC/fd6dc7d1-d03e-5424-b666-6e81950f6e45	bd6931d9ac0d69e1bd69082ce180d8a4	7779358202	['*']	['/open']	s3://nci-crdc-data-bucket-prod/1bb2565c-09cb-4430-b691-bfb3aaf140b2/ERR14101984_1.fastq.gz
dg.4DFC/fd7becd0-240a-5fab-8dc4-5d1505cdd3d2	884b20d3925c7b2d3b307bdcb65d3b01	6073045683	['*']	['/open']	s3://nci-crdc-data-bucket-prod/1bb2565c-09cb-4430-b691-bfb3aaf140b2/ERR14101997_2.fastq.gz
dg.4DFC/fd9e2ab3-c7f3-532a-b031-4b4a79bef05a	f56ac550f3cd010ee7a22f88cf3258c1	5465089769	['*']	['/open']	s3://nci-crdc-data-bucket-prod/1bb2565c-09cb-4430-b691-bfb3aaf140b2/ERR14102926_2.fastq.gz
dg.4DFC/fddee388-0c72-55de-ae38-148729932be3	9dd5005b43cbfd5ab35d15ab3840c46c	5775148106	['*']	['/open']	s3://nci-crdc-data-bucket-prod/1bb2565c-09cb-4430-b691-bfb3aaf140b2/ERR14102100_1.fastq.gz
dg.4DFC/fe044e4a-d856-58a0-9697-2feceed49a9c	24b948d7394096f5f64016d1d776875e	3587932194	['*']	['/open']	s3://nci-crdc-data-bucket-prod/1bb2565c-09cb-4430-b691-bfb3aaf140b2/ERR14102966_2.fastq.gz
dg.4DFC/fe4a38f2-440f-50e4-a549-742c0151f458	f4a15353390d84db9129f1190ba05b47	5894583493	['*']	['/open']	s3://nci-crdc-data-bucket-prod/1bb2565c-09cb-4430-b691-bfb3aaf140b2/ERR14098107_1.fastq.gz
dg.4DFC/fe7a28f1-efb7-50d3-8ded-e05a687e16f2	7587f0383ee573c064245aefda312748	8082823543	['*']	['/open']	s3://nci-crdc-data-bucket-prod/1bb2565c-09cb-4430-b691-bfb3aaf140b2/ERR14103086_2.fastq.gz
dg.4DFC/fe7b71c5-89d8-5e93-b839-66612ae5a4b4	b8ce36073e5a78f197c54d2e6ef25302	5095845899	['*']	['/open']	s3://nci-crdc-data-bucket-prod/1bb2565c-09cb-4430-b691-bfb3aaf140b2/ERR14099699_1.fastq.gz
dg.4DFC/fe9da2fb-a1aa-5ab5-a649-8a66bb66cb1d	7c887146fc127ed5afcfc8bc41ae435c	5193296194	['*']	['/open']	s3://nci-crdc-data-bucket-prod/1bb2565c-09cb-4430-b691-bfb3aaf140b2/ERR14098080_2.fastq.gz
dg.4DFC/feb98aad-77a6-5049-9cf1-3c3c33e02fe0	d9595e5f4eca46ab756c67826524d77e	7390211796	['*']	['/open']	s3://nci-crdc-data-bucket-prod/1bb2565c-09cb-4430-b691-bfb3aaf140b2/ERR14102945_1.fastq.gz
dg.4DFC/fed8d4a6-9ef4-5dfc-99c4-3ef1dc46823d	6a3aa0578ba5d57cae8bfca5019e6cf2	3654321836	['*']	['/open']	s3://nci-crdc-data-bucket-prod/1bb2565c-09cb-4430-b691-bfb3aaf140b2/ERR14096194_2.fastq.gz
